elapsed time [min],battery [Wh],task [times],P short,P charg,B short,B charg,C short,C charg,short total cons [wh],charg total cons [wh]
0,99.85,0,11.5,6.2,98.9,99.1,9,16,1,1.8
0.4,99.25,1,11.0,6.1,98.3,99.1,9,16,1,1.85
0.8,98.65,2,11.1,6.1,97.7,99.1,9,16,1,1.85
1.1,98.05,3,11.0,6.1,97.0,99.1,9,16,1,1.85
1.5,97.4,4,11.0,6.1,96.4,99.1,9,16,1,1.85
1.8,96.8,5,10.9,6.1,95.8,99.1,9,16,1,1.85
2.2,96.15,6,10.8,6.1,95.2,99.1,9,16,1,1.85
2.6,95.55,7,10.6,6.1,94.5,99.1,9,16,1,1.85
2.9,94.94,8,10.6,6.1,93.9,99.1,9,16,1,1.85
3.3,94.29,9,10.6,6.1,93.3,99.1,9,16,1,1.85
3.6,93.69,10,10.4,6.1,92.6,99.1,9,16,1,1.85
4,93.04,11,10.3,6.1,92.0,99.1,9,16,1,1.85
4.4,92.44,12,10.4,6.1,91.4,99.1,9,16,1,1.85
4.7,91.79,13,10.3,6.1,90.8,99.1,9,16,1,1.85
5.1,91.19,14,10.3,6.1,90.2,99.1,9,16,1,1.85
5.4,90.54,15,10.2,6.1,89.5,99.1,9,16,1,1.85
5.8,89.94,16,10.1,6.1,88.9,99.1,9,16,1,1.85
6.2,89.34,17,9.9,6.1,88.3,99.1,9,16,1,1.85
6.5,88.69,18,10.0,6.1,87.7,99.1,9,16,1,1.85
6.9,88.09,19,9.9,6.1,87.1,99.1,9,16,1,1.85
7.2,87.44,20,9.8,6.1,86.4,99.1,9,16,1,1.85
7.6,86.84,21,9.8,6.1,85.8,99.1,9,16,1,1.85
8,86.19,22,9.8,6.2,85.2,99.1,9,16,1,1.85
8.3,85.59,23,9.6,6.1,84.6,99.1,9,16,1,1.85
8.7,84.98,24,9.4,6.1,83.9,99.1,9,16,1,1.85
9.4,83.68,26,9.4,6.1,82.7,99.1,9,16,1,1.85
9.8,83.08,27,9.3,6.1,82.1,99.1,9,16,1,1.85
10.1,82.43,28,9.3,6.1,81.4,99.1,9,16,1,1.85
10.5,81.83,29,9.1,6.1,80.8,99.1,9,16,1,1.85
10.9,81.18,30,9.1,6.1,80.2,99.1,9,16,1,1.85
11.2,80.58,31,9.0,6.1,79.6,99.1,9,16,1,1.85
11.6,79.98,32,9.0,6.1,78.9,99.1,9,16,1,1.85
11.9,79.33,33,8.8,6.1,78.3,99.1,9,16,1,1.85
12.3,78.68,34,8.8,6.1,77.7,99.1,9,16,1,1.85
12.7,78.08,35,8.8,6.1,77.1,99.1,9,16,1,1.85
13,77.43,36,8.7,6.1,76.4,99.1,9,16,1,1.85
13.4,76.83,37,8.5,6.1,75.8,99.1,9,16,1,1.85
13.8,76.18,38,8.6,6.1,75.2,99.1,9,16,1,1.85
14.1,75.58,39,8.5,6.1,74.6,99.1,9,16,1,1.85
14.9,74.32,41,8.3,6.1,73.3,99.1,9,16,1,1.85
15.2,73.72,42,8.3,6.1,72.7,99.1,9,16,1,1.85
15.6,73.07,43,8.2,6.1,72.1,99.1,9,16,1,1.85
15.9,72.47,44,8.1,6.1,71.5,99.1,9,16,1,1.85
16.3,71.82,45,8.1,6.1,70.8,99.1,9,16,1,1.85
16.7,71.22,46,7.9,6.1,70.2,99.1,9,16,1,1.85
17,70.57,47,7.8,6.1,69.6,99.1,9,16,1,1.85
17.4,69.97,48,7.8,6.1,69.0,99.1,9,16,1,1.85
17.7,69.37,49,7.7,6.1,68.3,99.1,9,16,1,1.85
18.1,68.72,50,7.7,6.1,67.7,99.1,9,16,1,1.85
18.5,68.12,51,7.6,6.1,67.1,99.1,9,16,1,1.85
18.8,67.47,52,7.6,6.1,66.5,99.1,9,16,1,1.85
19.2,66.87,53,7.5,6.1,65.9,99.1,9,16,1,1.85
19.5,66.27,54,7.4,6.1,65.2,99.1,9,16,1,1.85
19.9,65.62,55,7.3,6.1,64.6,99.1,9,16,1,1.85
20.3,65.02,56,7.2,6.1,64.0,99.1,9,16,1,1.85
20.6,64.36,57,7.1,6.1,63.4,99.1,9,16,1,1.85
21,63.76,58,7.1,6.1,62.8,99.1,9,16,1,1.85
21.3,63.11,59,7.1,6.1,62.1,99.1,9,16,1,1.85
21.7,62.51,60,6.9,6.1,61.5,99.1,9,16,1,1.85
22.1,61.86,61,6.8,6.1,60.9,99.1,9,16,1,1.85
22.4,61.26,62,6.9,6.2,60.3,99.1,9,16,1,1.85
22.8,60.61,63,6.9,6.3,59.6,99.1,9,16,0.95,1.8
23.2,59.96,64,6.9,6.3,59.0,99.1,9,16,1,1.8
23.5,59.36,65,6.6,6.1,58.4,99.1,9,16,1,1.85
23.9,58.71,66,6.5,6.1,57.7,99.1,9,16,1,1.85
24.3,58.11,67,6.5,6.1,57.1,99.1,9,16,1,1.85
24.6,57.46,68,6.3,6.1,56.5,99.1,9,16,1,1.85
25,56.86,69,6.3,6.1,55.9,99.1,9,16,1,1.85
25.3,56.26,70,6.3,6.1,55.3,99.1,9,16,1,1.85
25.7,55.61,71,6.2,6.1,54.6,99.1,9,16,1,1.85
26.1,55.01,72,6.1,6.1,54.0,99.1,9,16,1,1.85
26.4,54.35,73,6.0,6.1,53.4,99.1,9,16,1,1.85
26.8,53.7,74,6.1,6.3,52.7,99.1,9,16,1,1.8
27.2,53.05,75,5.9,6.1,52.1,99.1,9,16,1,1.85
27.5,52.45,76,5.9,6.1,51.5,99.1,9,16,1,1.85
42.5,99.45,77,11.1,6.1,98.5,99.1,9,16,1,1.85
42.8,98.85,78,11.1,6.1,97.9,99.1,9,16,1,1.85
43.2,98.25,79,11.1,6.1,97.2,99.1,9,16,1,1.85
43.5,97.6,80,11.0,6.1,96.6,99.1,9,16,1,1.85
43.9,97,81,10.9,6.1,96.0,99.1,9,16,1,1.85
44.3,96.35,82,11.0,6.2,95.4,99.1,9,16,1,1.85
44.6,95.75,83,10.7,6.1,94.7,99.1,9,16,1,1.85
45,95.1,84,10.7,6.1,94.1,99.1,9,16,1,1.85
45.3,94.49,85,10.6,6.1,93.5,99.1,9,16,1,1.85
45.7,93.84,86,10.6,6.1,92.9,99.1,9,16,1,1.85
46.1,93.24,87,10.5,6.1,92.2,99.1,9,16,1,1.85
46.4,92.64,88,10.4,6.1,91.6,99.1,9,16,1,1.85
46.8,91.99,89,10.2,6.1,91.0,99.1,9,16,1,1.85
47.1,91.39,90,10.3,6.1,90.4,99.1,9,16,1,1.85
47.5,90.74,91,10.2,6.1,89.7,99.1,9,16,1,1.85
47.9,90.14,92,10.3,6.2,89.1,99.1,9,16,1,1.85
48.2,89.54,93,10.1,6.1,88.5,99.1,9,16,1,1.85
48.6,88.89,94,10.0,6.2,87.9,99.1,9,16,1,1.85
48.9,88.29,95,9.8,6.1,87.3,99.1,9,16,1,1.85
49.3,87.69,96,9.7,6.1,86.6,99.1,9,16,1,1.85
49.7,87.04,97,9.7,6.1,86.0,99.1,9,16,1,1.85
50,86.44,98,9.7,6.1,85.4,99.1,9,16,1,1.85
50.4,85.79,99,9.5,6.1,84.8,99.1,9,16,1,1.85
50.7,85.19,100,9.6,6.1,84.2,99.1,9,16,1,1.85
51.1,84.53,101,9.5,6.1,83.5,99.1,9,16,1,1.85
51.5,83.93,102,9.5,6.2,82.9,99.1,9,16,1,1.85
51.8,83.28,103,9.4,6.1,82.3,99.1,9,16,1,1.85
52.2,82.68,104,9.3,6.1,81.7,99.1,9,16,1,1.85
52.5,82.08,105,9.1,6.1,81.0,99.1,9,16,1,1.85
52.9,81.43,106,9.0,6.1,80.4,99.1,9,16,1,1.85
53.3,80.83,107,9.1,6.1,79.8,99.1,9,16,1,1.85
53.6,80.18,108,9.0,6.1,79.2,99.1,9,16,1,1.85
54,79.58,109,8.9,6.1,78.6,99.1,9,16,1,1.85
54.4,78.93,110,8.9,6.1,77.9,99.1,9,16,1,1.85
54.7,78.33,111,8.8,6.1,77.3,99.1,9,16,1,1.85
55.1,77.73,112,8.7,6.1,76.7,99.1,9,16,1,1.85
55.4,77.08,113,8.7,6.1,76.1,99.1,9,16,1,1.85
55.8,76.48,114,8.6,6.1,75.5,99.1,9,16,1,1.85
56.1,75.83,115,8.5,6.1,74.8,99.1,9,16,1,1.85
56.5,75.23,116,8.4,6.1,74.2,99.1,9,16,1,1.85
56.9,74.62,117,8.3,6.1,73.6,99.1,9,16,1,1.85
57.2,73.97,118,8.3,6.1,73.0,99.1,9,16,1,1.85
57.6,73.37,119,8.1,6.1,72.3,99.1,9,16,1,1.85
58,72.72,120,8.1,6.1,71.7,99.1,9,16,1,1.85
58.7,71.47,122,8.0,6.1,70.5,99.1,9,16,1,1.85
59,70.87,123,7.9,6.1,69.9,99.1,9,16,1,1.85
59.4,70.22,124,7.9,6.1,69.2,99.1,9,16,1,1.85
59.8,69.62,125,7.7,6.1,68.6,99.1,9,16,1,1.85
60.1,69.02,126,7.7,6.1,68.0,99.1,9,16,1,1.85
60.5,68.37,127,7.7,6.1,67.4,99.1,9,16,1,1.85
60.8,67.77,128,7.6,6.1,66.8,99.1,9,16,1,1.85
61.2,67.17,129,7.4,6.1,66.1,99.1,9,16,1,1.85
61.6,66.52,130,7.4,6.1,65.5,99.1,9,16,1,1.85
61.9,65.92,131,7.4,6.1,64.9,99.1,9,16,1,1.85
62.3,65.27,132,7.3,6.1,64.3,99.1,9,16,1,1.85
62.6,64.66,133,7.2,6.0,63.6,99.1,9,16,1,1.85
63,64.01,134,7.2,6.2,63.0,99.1,9,16,1,1.85
63.4,63.41,135,7.0,6.1,62.4,99.1,9,16,1,1.85
63.7,62.76,136,7.0,6.1,61.8,99.1,9,16,1,1.85
64.1,62.16,137,7.0,6.1,61.2,99.1,9,16,1,1.85
64.4,61.51,138,6.9,6.1,60.5,99.1,9,16,1,1.85
64.8,60.91,139,6.7,6.1,59.9,99.1,9,16,1,1.85
65.2,60.26,140,6.7,6.1,59.3,99.1,9,16,1,1.85
65.5,59.66,141,6.7,6.1,58.7,99.1,9,16,1,1.85
65.9,59.01,142,6.6,6.1,58.0,99.1,9,16,1,1.85
66.3,58.41,143,6.5,6.1,57.4,99.1,9,16,1,1.85
66.6,57.76,144,6.5,6.1,56.8,99.1,9,16,1,1.85
67,57.16,145,6.3,6.1,56.2,99.1,9,16,1,1.85
67.3,56.56,146,6.3,6.1,55.6,99.1,9,16,1,1.85
67.7,55.91,147,6.2,6.1,54.9,99.1,9,16,1,1.85
68.1,55.31,148,6.2,6.1,54.3,99.1,9,16,1,1.85
68.4,54.7,149,6.0,6.1,53.7,99.1,9,16,1,1.85
68.8,54.05,150,6.0,6.1,53.1,99.1,9,16,1,1.85
69.1,53.45,151,6.0,6.1,52.5,99.1,9,16,1,1.85
69.5,52.8,152,5.9,6.1,51.8,99.1,9,16,1,1.85
84.3,99.4,153,11.1,6.1,98.4,99.1,9,16,1,1.85
84.7,98.8,154,11.1,6.1,97.8,99.1,9,16,1,1.85
85,98.2,155,10.9,6.1,97.2,99.1,9,16,1,1.85
85.4,97.55,156,11.0,6.1,96.6,99.1,9,16,1,1.85
85.8,96.95,157,10.8,6.1,96.0,99.1,9,16,1,1.85
86.1,96.3,158,11.0,6.2,95.3,99.1,9,16,1,1.85
86.5,95.7,159,10.9,6.2,94.7,99.1,9,16,1,1.85
86.9,95.05,160,10.7,6.1,94.0,99.1,9,16,1,1.85
87.2,94.44,161,10.5,6.1,93.4,99.1,9,16,1,1.85
87.6,93.79,162,10.7,6.2,92.8,99.1,9,16,1,1.85
87.9,93.19,163,10.5,6.1,92.2,99.1,9,16,1,1.85
88.3,92.59,164,10.4,6.1,91.6,99.1,9,16,1,1.85
88.7,91.94,165,10.3,6.1,90.9,99.1,9,16,1,1.85
89,91.34,166,10.4,6.2,90.3,99.1,9,16,1,1.85
89.4,90.74,167,10.1,6.1,89.7,99.1,9,16,1,1.85
89.7,90.09,168,10.1,6.1,89.1,99.1,9,16,1,1.85
90.1,89.49,169,10.1,6.1,88.5,99.1,9,16,1,1.85
90.5,88.84,170,10.0,6.1,87.8,99.1,9,16,1,1.85
90.8,88.24,171,9.9,6.1,87.2,99.1,9,16,1,1.85
91.2,87.64,172,10.0,6.2,86.6,99.1,9,16,1,1.85
91.5,86.99,173,10.0,6.2,86.0,99.1,9,16,1,1.8
91.9,86.34,174,9.7,6.2,85.3,99.1,9,16,1,1.85
92.3,85.74,175,9.6,6.1,84.7,99.1,9,16,1,1.85
92.6,85.14,176,9.6,6.1,84.1,99.1,9,16,1,1.85
93,84.48,177,9.4,6.1,83.5,99.1,9,16,1,1.85
93.3,83.88,178,9.4,6.1,82.9,99.1,9,16,1,1.85
93.7,83.23,179,9.2,6.0,82.2,99.1,9,16,1,1.85
94.1,82.63,180,9.3,6.1,81.6,99.1,9,16,1,1.85
94.4,82.03,181,9.1,6.1,81.0,99.1,9,16,1,1.85
94.8,81.38,182,9.1,6.1,80.4,99.1,9,16,1,1.85
95.1,80.78,183,9.1,6.1,79.8,99.1,9,16,1,1.85
95.5,80.13,184,9.0,6.1,79.1,99.1,9,16,1,1.85
95.9,79.53,185,8.9,6.1,78.5,99.1,9,16,1,1.85
96.2,78.93,186,8.8,6.1,77.9,99.1,9,16,1,1.85
96.9,77.63,188,8.6,6.1,76.6,99.1,9,16,1,1.85
97.3,77.03,189,8.6,6.1,76.0,99.1,9,16,1,1.85
97.7,76.43,190,8.5,6.1,75.4,99.1,9,16,1,1.85
98,75.78,191,8.5,6.1,74.8,99.1,9,16,1,1.85
98.4,75.18,192,8.3,6.1,74.2,99.1,9,16,1,1.85
98.8,74.52,193,8.3,6.1,73.5,99.1,9,16,1,1.85
99.1,73.92,194,8.3,6.1,72.9,99.1,9,16,1,1.85
99.5,73.27,195,8.1,6.1,72.3,99.1,9,16,1,1.85
99.8,72.67,196,8.2,6.2,71.7,99.1,9,16,1,1.85
100.2,72.07,197,8.1,6.1,71.1,99.1,9,16,1,1.85
100.5,71.42,198,8.0,6.1,70.4,99.1,9,16,1,1.85
100.9,70.82,199,7.9,6.1,69.8,99.1,9,16,1,1.85
101.3,70.22,200,7.9,6.1,69.2,99.1,9,16,1,1.85
101.6,69.57,201,7.8,6.1,68.6,99.1,9,16,1,1.85
102,68.97,202,7.6,6.1,68.0,99.1,9,16,1,1.85
102.3,68.32,203,7.7,6.1,67.3,99.1,9,16,1,1.85
102.7,67.72,204,7.6,6.1,66.7,99.1,9,16,1,1.85
103.1,67.07,205,7.5,6.1,66.1,99.1,9,16,1,1.85
103.4,66.47,206,7.4,6.1,65.5,99.1,9,16,1,1.85
103.8,65.82,207,7.5,6.3,64.8,99.1,9,16,1,1.8
104.5,64.56,209,7.2,6.1,63.6,99.1,9,16,1,1.85
104.9,63.96,210,7.2,6.1,63.0,99.1,9,16,1,1.85
105.2,63.31,211,7.1,6.1,62.3,99.1,9,16,1,1.85
105.6,62.71,212,7.1,6.2,61.7,99.1,9,16,1,1.85
106,62.11,213,6.9,6.1,61.1,99.1,9,16,1,1.85
106.3,61.46,214,6.9,6.1,60.5,99.1,9,16,1,1.85
106.7,60.86,215,6.8,6.1,59.9,99.1,9,16,1,1.85
107,60.21,216,6.7,6.1,59.2,99.1,9,16,1,1.85
107.4,59.61,217,6.6,6.1,58.6,99.1,9,16,1,1.85
107.8,58.96,218,6.6,6.2,58.0,99.1,9,16,1,1.85
108.1,58.36,219,6.5,6.1,57.4,99.1,9,16,1,1.85
108.9,57.06,221,6.4,6.1,56.1,99.1,9,16,1,1.85
109.2,56.46,222,6.3,6.2,55.5,99.1,9,16,1,1.85
109.6,55.81,223,6.2,6.1,54.8,99.1,9,16,1,1.85
110,55.21,224,6.2,6.2,54.2,99.1,9,16,1,1.85
110.3,54.6,225,6.0,6.1,53.6,99.1,9,16,1,1.85
110.7,53.9,226,6.2,6.3,53.0,99.1,9,16,1,1.8
111.4,52.65,228,5.9,6.1,51.7,99.1,9,16,1,1.85
126.3,99.45,229,11.2,6.1,98.5,99.1,9,16,1,1.85
126.6,98.8,230,11.1,6.1,97.8,99.1,9,16,1,1.85
127,98.2,231,11.1,6.1,97.2,99.1,9,16,1,1.85
127.4,97.55,232,10.9,6.1,96.6,99.1,9,16,1,1.85
127.7,96.95,233,10.9,6.1,96.0,99.1,9,16,1,1.85
128.1,96.35,234,10.8,6.2,95.4,99.1,9,16,1,1.85
128.4,95.7,235,10.6,6.1,94.7,99.1,9,16,1,1.85
128.8,95.1,236,10.7,6.2,94.1,99.1,9,16,1,1.85
129.2,94.44,237,10.9,6.2,93.4,99.1,9,16,1,1.8
129.5,93.84,238,10.4,6.1,92.8,99.1,9,16,1,1.85
129.9,93.19,239,10.4,6.1,92.2,99.1,9,16,1,1.85
130.3,92.59,240,10.4,6.1,91.6,99.1,9,16,1,1.85
130.6,91.94,241,10.2,6.1,90.9,99.1,9,16,1,1.85
131,91.34,242,10.3,6.1,90.3,99.1,9,16,1,1.85
131.3,90.74,243,10.2,6.1,89.7,99.1,9,16,1,1.85
131.7,90.09,244,10.1,6.1,89.1,99.1,9,16,1,1.85
132.1,89.49,245,10.1,6.1,88.5,99.1,9,16,1,1.85
132.4,88.89,246,10.0,6.1,87.9,99.1,9,16,1,1.85
132.8,88.24,247,9.9,6.1,87.2,99.1,9,16,1,1.85
133.1,87.64,248,9.7,6.1,86.6,99.1,9,16,1,1.85
133.5,86.99,249,9.8,6.1,86.0,99.1,9,16,1,1.85
133.9,86.39,250,9.7,6.1,85.4,99.1,9,16,1,1.85
134.2,85.74,251,9.6,6.1,84.7,99.1,9,16,1,1.85
134.9,84.48,253,9.4,6.1,83.5,99.1,9,16,1,1.85
135.3,83.88,254,9.4,6.1,82.9,99.1,9,16,1,1.85
135.7,83.23,255,9.3,6.1,82.2,99.1,9,16,1,1.85
136,82.63,256,9.3,6.1,81.6,99.1,9,16,1,1.85
136.4,82.03,257,9.1,6.1,81.0,99.1,9,16,1,1.85
136.7,81.38,258,9.1,6.1,80.4,99.1,9,16,1,1.85
137.1,80.78,259,9.1,6.1,79.8,99.1,9,16,1,1.85
137.5,80.13,260,9.0,6.2,79.1,99.1,9,16,1,1.85
137.8,79.53,261,8.9,6.1,78.5,99.1,9,16,1,1.85
138.2,78.88,262,9.0,6.2,77.9,99.1,9,16,1,1.85
138.5,78.28,263,8.7,6.1,77.3,99.1,9,16,1,1.85
138.9,77.68,264,8.7,6.1,76.7,99.1,9,16,1,1.85
139.3,77.03,265,8.5,6.1,76.0,99.1,9,16,1,1.85
139.6,76.43,266,8.6,6.1,75.4,99.1,9,16,1,1.85
140,75.78,267,8.5,6.1,74.8,99.1,9,16,1,1.85
140.3,75.18,268,8.4,6.1,74.2,99.1,9,16,1,1.85
140.7,74.52,269,8.3,6.1,73.5,99.1,9,16,1,1.85
141.1,73.92,270,8.4,6.2,72.9,99.1,9,16,1,1.85
141.4,73.32,271,8.2,6.1,72.3,99.1,9,16,1,1.85
141.8,72.67,272,8.1,6.1,71.7,99.1,9,16,1,1.85
142.2,72.07,273,8.1,6.1,71.1,99.1,9,16,1,1.85
142.5,71.42,274,8.0,6.2,70.4,99.1,9,16,1,1.85
142.9,70.82,275,7.9,6.1,69.8,99.1,9,16,1,1.85
143.2,70.17,276,7.9,6.1,69.2,99.1,9,16,1,1.85
143.6,69.57,277,7.8,6.1,68.6,99.1,9,16,1,1.85
144,68.97,278,7.7,6.1,67.9,99.1,9,16,1,1.85
144.3,68.32,279,7.7,6.1,67.3,99.1,9,16,1,1.85
144.7,67.72,280,7.7,6.2,66.7,99.1,9,16,1,1.85
145,67.12,281,7.4,6.1,66.1,99.1,9,16,1,1.85
145.4,66.47,282,7.4,6.1,65.5,99.1,9,16,1,1.85
145.7,65.87,283,7.3,6.1,64.9,99.1,9,16,1,1.85
146.1,65.22,284,7.2,6.1,64.2,99.1,9,16,1,1.85
146.5,64.61,285,7.2,6.1,63.6,99.1,9,16,1,1.85
146.8,63.96,286,7.2,6.1,63.0,99.1,9,16,1,1.85
147.2,63.36,287,7.0,6.1,62.4,99.1,9,16,1,1.85
147.6,62.71,288,7.0,6.1,61.7,99.1,9,16,1,1.85
147.9,62.11,289,6.9,6.1,61.1,99.1,9,16,1,1.85
148.3,61.51,290,6.9,6.1,60.5,99.1,9,16,1,1.85
148.6,60.86,291,6.7,6.1,59.9,99.1,9,16,1,1.85
149,60.26,292,6.7,6.1,59.3,99.1,9,16,1,1.85
149.4,59.61,293,6.6,6.1,58.6,99.1,9,16,1,1.85
149.7,59.01,294,6.6,6.1,58.0,99.1,9,16,1,1.85
150.1,58.36,295,6.5,6.1,57.4,99.1,9,16,1,1.85
150.5,57.76,296,6.4,6.1,56.7,99.1,9,16,1,1.85
150.8,57.11,297,6.4,6.1,56.1,99.1,9,16,1,1.85
151.2,56.51,298,6.3,6.2,55.5,99.1,9,16,1,1.85
151.5,55.86,299,6.2,6.1,54.9,99.1,9,16,1,1.85
151.9,55.26,300,6.2,6.1,54.3,99.1,9,16,1,1.85
152.3,54.6,301,6.2,6.2,53.6,99.1,9,16,1,1.85
152.6,54,302,6.0,6.1,53.0,99.1,9,16,1,1.85
153,53.35,303,6.0,6.1,52.4,99.1,9,16,1,1.85
153.3,52.75,304,5.9,6.1,51.8,99.1,9,16,1,1.85
168.2,99.45,305,11.2,6.1,98.5,99.1,9,16,1,1.85
168.5,98.8,306,11.1,6.1,97.8,99.1,9,16,1,1.85
168.9,98.2,307,10.9,6.1,97.2,99.1,9,16,1,1.85
169.3,97.6,308,11.0,6.1,96.6,99.1,9,16,1,1.85
169.6,96.95,309,10.8,6.1,96.0,99.1,9,16,1,1.85
170,96.35,310,10.8,6.1,95.4,99.1,9,16,1,1.85
170.3,95.75,311,10.8,6.1,94.7,99.1,9,16,1,1.85
170.7,95.05,312,10.9,6.3,94.1,99.1,9,16,1,1.8
171.1,94.44,313,10.6,6.1,93.4,99.1,9,16,1,1.85
171.4,93.84,314,10.4,6.1,92.8,99.1,9,16,1,1.85
171.8,93.19,315,10.5,6.1,92.2,99.1,9,16,1,1.85
172.2,92.54,316,10.5,6.2,91.5,99.1,9,16,1,1.8
172.5,91.89,317,10.3,6.1,90.9,99.1,9,16,1,1.85
172.9,91.29,318,10.1,6.1,90.3,99.1,9,16,1,1.85
173.3,90.69,319,10.2,6.1,89.6,99.1,9,16,1,1.85
173.6,90.04,320,10.1,6.1,89.0,99.1,9,16,1,1.85
174,89.39,321,10.3,6.3,88.4,99.1,9,16,1,1.8
174.4,88.79,322,10.0,6.1,87.8,99.1,9,16,1,1.85
174.7,88.14,323,9.8,6.1,87.1,99.1,9,16,1,1.85
175.1,87.54,324,9.8,6.1,86.5,99.1,9,16,1,1.85
175.5,86.89,325,9.7,6.1,85.9,99.1,9,16,1,1.85
175.8,86.29,326,9.7,6.1,85.3,99.1,9,16,1,1.85
176.2,85.69,327,9.5,6.1,84.6,99.1,9,16,1,1.85
176.5,85.04,328,9.6,6.1,84.0,99.1,9,16,1,1.85
176.9,84.43,329,9.4,6.1,83.4,99.1,9,16,1,1.85
177.3,83.78,330,9.3,6.1,82.8,99.1,9,16,1,1.85
177.6,83.18,331,9.3,6.1,82.2,99.1,9,16,1,1.85
178,82.53,332,9.3,6.1,81.5,99.1,9,16,1,1.85
178.3,81.93,333,9.1,6.1,80.9,99.1,9,16,1,1.85
178.7,81.28,334,9.0,6.1,80.3,99.1,9,16,1,1.85
179.1,80.68,335,9.1,6.1,79.7,99.1,9,16,1,1.85
179.4,80.03,336,9.0,6.1,79.0,99.1,9,16,1,1.85
179.8,79.43,337,8.9,6.1,78.4,99.1,9,16,1,1.85
180.1,78.78,338,8.8,6.1,77.8,99.1,9,16,1,1.85
180.5,78.18,339,8.7,6.1,77.2,99.1,9,16,1,1.85
180.9,77.58,340,8.7,6.1,76.5,99.1,9,16,1,1.85
181.2,76.93,341,8.6,6.1,75.9,99.1,9,16,1,1.85
181.6,76.33,342,8.6,6.1,75.3,99.1,9,16,1,1.85
181.9,75.68,343,8.4,6.1,74.7,99.1,9,16,1,1.85
182.3,75.08,344,8.4,6.1,74.1,99.1,9,16,1,1.85
182.7,74.42,345,8.3,6.1,73.4,99.1,9,16,1,1.85
183.4,73.17,347,8.1,6.1,72.2,99.1,9,16,1,1.85
183.8,72.57,348,8.2,6.2,71.6,99.1,9,16,1,1.85
184.1,71.92,349,8.0,6.1,70.9,99.1,9,16,1,1.85
184.5,71.32,350,8.0,6.1,70.3,99.1,9,16,1,1.85
184.8,70.72,351,7.9,6.1,69.7,99.1,9,16,1,1.85
185.2,70.07,352,7.9,6.1,69.1,99.1,9,16,1,1.85
185.6,69.47,353,7.8,6.1,68.5,99.1,9,16,1,1.85
185.9,68.82,354,7.6,6.1,67.8,99.1,9,16,1,1.85
186.3,68.22,355,7.6,6.1,67.2,99.1,9,16,1,1.85
186.7,67.57,356,7.5,6.1,66.6,99.1,9,16,1,1.85
187,66.92,357,7.4,6.1,65.9,99.1,9,16,1,1.85
187.4,66.32,358,7.3,6.1,65.3,99.1,9,16,1,1.85
187.7,65.67,359,7.3,6.1,64.7,99.1,9,16,1,1.85
188.1,65.07,360,7.3,6.1,64.1,99.1,9,16,1,1.85
188.8,63.81,362,7.1,6.1,62.8,99.1,9,16,1,1.85
189.2,63.21,363,7.1,6.1,62.2,99.1,9,16,1,1.85
189.6,62.56,364,7.0,6.1,61.6,99.1,9,16,1,1.85
189.9,61.96,365,6.8,6.1,60.9,99.1,9,16,1,1.85
190.3,61.31,366,6.8,6.1,60.3,99.1,9,16,1,1.85
190.6,60.71,367,6.7,6.1,59.7,99.1,9,16,1,1.85
191.4,59.41,369,6.6,6.1,58.5,99.1,9,16,1,1.85
191.7,58.81,370,6.6,6.1,57.8,99.1,9,16,1,1.85
192.1,58.21,371,6.5,6.1,57.2,99.1,9,16,1,1.85
192.4,57.56,372,6.4,6.1,56.6,99.1,9,16,1,1.85
192.8,56.96,373,6.4,6.1,56.0,99.1,9,16,1,1.85
193.2,56.31,374,6.4,6.3,55.3,99.1,9,16,1,1.8
193.5,55.66,375,6.2,6.1,54.7,99.1,9,16,1,1.85
193.9,55.06,376,6.1,6.1,54.1,99.1,9,16,1,1.85
194.3,54.45,377,6.0,6.1,53.4,99.1,9,16,1,1.85
194.6,53.8,378,6.0,6.1,52.8,99.1,9,16,1,1.85
195,53.2,379,5.9,6.1,52.2,99.1,9,16,1,1.85
195.4,52.55,380,5.8,6.1,51.6,99.1,9,16,1,1.85
210.3,99.45,381,11.2,6.1,98.5,99.1,9,16,1,1.85
210.6,98.8,382,11.0,6.1,97.8,99.1,9,16,1,1.85
211,98.2,383,10.9,6.1,97.2,99.1,9,16,1,1.85
211.4,97.55,384,10.9,6.1,96.6,99.1,9,16,1,1.85
211.7,96.95,385,10.9,6.1,96.0,99.1,9,16,1,1.85
212.1,96.35,386,10.8,6.1,95.4,99.1,9,16,1,1.85
212.4,95.7,387,10.6,6.1,94.7,99.1,9,16,1,1.85
212.8,95.1,388,10.7,6.1,94.1,99.1,9,16,1,1.85
213.2,94.44,389,10.6,6.1,93.4,99.1,9,16,1,1.85
213.5,93.84,390,10.6,6.1,92.8,99.1,9,16,1,1.85
213.9,93.19,391,10.4,6.1,92.2,99.1,9,16,1,1.85
214.2,92.59,392,10.4,6.1,91.6,99.1,9,16,1,1.85
214.6,91.99,393,10.3,6.1,91.0,99.1,9,16,1,1.85
215,91.34,394,10.3,6.1,90.3,99.1,9,16,1,1.85
215.3,90.74,395,10.1,6.1,89.7,99.1,9,16,1,1.85
215.7,90.09,396,10.1,6.1,89.1,99.1,9,16,1,1.85
216,89.49,397,10.1,6.1,88.5,99.1,9,16,1,1.85
216.4,88.84,398,10.1,6.3,87.8,99.1,9,16,1,1.8
216.8,88.24,399,9.9,6.1,87.2,99.1,9,16,1,1.85
217.1,87.59,400,9.8,6.1,86.6,99.1,9,16,1,1.85
217.5,86.94,401,9.8,6.1,85.9,99.1,9,16,1,1.85
217.9,86.34,402,9.7,6.1,85.3,99.1,9,16,1,1.85
218.2,85.69,403,9.5,6.1,84.7,99.1,9,16,1,1.85
218.6,85.09,404,9.5,6.1,84.1,99.1,9,16,1,1.85
219,84.43,405,9.5,6.1,83.4,99.1,9,16,1,1.85
219.3,83.83,406,9.4,6.1,82.8,99.1,9,16,1,1.85
219.7,83.18,407,9.2,6.1,82.2,99.1,9,16,1,1.85
220.1,82.53,408,9.5,6.3,81.6,99.1,9,16,0.95,1.8
220.4,81.93,409,9.2,6.1,80.9,99.1,9,16,1,1.85
220.8,81.33,410,9.1,6.1,80.3,99.1,9,16,1,1.85
221.1,80.68,411,9.0,6.1,79.7,99.1,9,16,1,1.85
221.5,80.08,412,9.0,6.1,79.1,99.1,9,16,1,1.85
221.9,79.43,413,8.8,6.1,78.4,99.1,9,16,1,1.85
222.2,78.83,414,8.8,6.1,77.8,99.1,9,16,1,1.85
222.6,78.23,415,8.8,6.1,77.2,99.1,9,16,1,1.85
222.9,77.58,416,8.7,6.1,76.6,99.1,9,16,1,1.85
223.3,76.98,417,8.5,6.1,76.0,99.1,9,16,1,1.85
223.7,76.33,418,8.5,6.1,75.3,99.1,9,16,1,1.85
224,75.73,419,8.5,6.1,74.7,99.1,9,16,1,1.85
224.4,75.13,420,8.4,6.1,74.1,99.1,9,16,1,1.85
224.7,74.47,421,8.4,6.1,73.5,99.1,9,16,1,1.85
225.1,73.87,422,8.3,6.1,72.9,99.1,9,16,1,1.85
225.5,73.22,423,8.2,6.1,72.2,99.1,9,16,1,1.85
225.8,72.62,424,8.1,6.2,71.6,99.1,9,16,1,1.85
226.2,71.97,425,8.1,6.1,71.0,99.1,9,16,1,1.85
226.5,71.37,426,8.0,6.1,70.4,99.1,9,16,1,1.85
226.9,70.77,427,7.9,6.1,69.8,99.1,9,16,1,1.85
227.3,70.12,428,7.9,6.1,69.1,99.1,9,16,1,1.85
227.6,69.52,429,7.8,6.1,68.5,99.1,9,16,1,1.85
228,68.87,430,7.7,6.1,67.9,99.1,9,16,1,1.85
228.3,68.27,431,7.6,6.1,67.3,99.1,9,16,1,1.85
228.7,67.67,432,7.6,6.1,66.6,99.1,9,16,1,1.85
229.1,67.02,433,7.4,6.1,66.0,99.1,9,16,1,1.85
229.4,66.42,434,7.5,6.2,65.4,99.1,9,16,1,1.85
229.8,65.77,435,7.4,6.1,64.8,99.1,9,16,1,1.85
230.1,65.17,436,7.3,6.1,64.2,99.1,9,16,1,1.85
230.5,64.51,437,7.4,6.3,63.5,99.1,9,16,1,1.8
230.9,63.91,438,7.1,6.1,62.9,99.1,9,16,1,1.85
231.2,63.26,439,7.0,6.1,62.3,99.1,9,16,1,1.85
231.6,62.66,440,7.0,6.1,61.7,99.1,9,16,1,1.85
232,62.01,441,6.9,6.0,61.0,99.1,9,16,1,1.85
232.3,61.41,442,6.9,6.1,60.4,99.1,9,16,1,1.85
232.7,60.76,443,6.7,6.1,59.8,99.1,9,16,1,1.85
233,60.16,444,6.7,6.1,59.2,99.1,9,16,1,1.85
233.4,59.56,445,6.7,6.1,58.6,99.1,9,16,1,1.85
233.8,58.91,446,6.6,6.1,57.9,99.1,9,16,1,1.85
234.1,58.31,447,6.4,6.1,57.3,99.1,9,16,1,1.85
234.5,57.71,448,6.4,6.1,56.7,99.1,9,16,1,1.85
234.8,57.06,449,6.3,6.1,56.1,99.1,9,16,1,1.85
235.2,56.41,450,6.3,6.1,55.4,99.1,9,16,1,1.85
235.6,55.81,451,6.2,6.1,54.8,99.1,9,16,1,1.85
235.9,55.16,452,6.2,6.1,54.2,99.1,9,16,1,1.85
236.3,54.55,453,6.1,6.1,53.6,99.1,9,16,1,1.85
236.6,53.95,454,6.0,6.1,53.0,99.1,9,16,1,1.85
237,53.3,455,5.9,6.1,52.3,99.1,9,16,1,1.85
237.4,52.65,456,5.9,6.1,51.7,99.1,9,16,1,1.85
252.2,99.45,457,11.2,6.1,98.5,99.1,9,16,1,1.85
252.6,98.85,458,11.3,6.2,97.9,99.1,9,16,1,1.85
253,98.2,459,11.1,6.1,97.2,99.1,9,16,1,1.85
253.3,97.6,460,11.0,6.1,96.6,99.1,9,16,1,1.85
253.7,96.95,461,10.8,6.1,96.0,99.1,9,16,1,1.85
254,96.35,462,10.8,6.1,95.4,99.1,9,16,1,1.85
254.4,95.75,463,10.8,6.1,94.7,99.1,9,16,1,1.85
254.8,95.1,464,10.7,6.1,94.1,99.1,9,16,1,1.85
255.1,94.49,465,10.6,6.1,93.5,99.1,9,16,1,1.85
255.5,93.84,466,10.7,6.2,92.8,99.1,9,16,1,1.85
255.8,93.24,467,10.4,6.1,92.2,99.1,9,16,1,1.85
256.2,92.59,468,10.4,6.1,91.6,99.1,9,16,1,1.85
256.6,91.99,469,10.2,6.1,91.0,99.1,9,16,1,1.85
256.9,91.39,470,10.3,6.1,90.3,99.1,9,16,1,1.85
257.3,90.74,471,10.1,6.1,89.7,99.1,9,16,1,1.85
257.6,90.14,472,10.1,6.1,89.1,99.1,9,16,1,1.85
258,89.49,473,10.1,6.1,88.5,99.1,9,16,1,1.85
258.4,88.89,474,9.9,6.1,87.9,99.1,9,16,1,1.85
258.7,88.29,475,9.8,6.1,87.2,99.1,9,16,1,1.85
259.1,87.64,476,9.9,6.1,86.6,99.1,9,16,1,1.85
259.4,87.04,477,9.7,6.1,86.0,99.1,9,16,1,1.85
259.8,86.39,478,9.7,6.1,85.4,99.1,9,16,1,1.85
260.2,85.79,479,9.6,6.1,84.8,99.1,9,16,1,1.85
260.5,85.14,480,9.7,6.2,84.1,99.1,9,16,1,1.85
260.9,84.53,481,9.4,6.1,83.5,99.1,9,16,1,1.85
261.3,83.88,482,9.6,6.3,82.9,99.1,9,16,1,1.8
261.6,83.23,483,9.3,6.1,82.2,99.1,9,16,1,1.85
262,82.63,484,9.3,6.1,81.6,99.1,9,16,1,1.85
262.4,81.98,485,9.1,6.1,81.0,99.1,9,16,1,1.85
262.7,81.38,486,9.2,6.2,80.4,99.1,9,16,1,1.85
263.1,80.78,487,9.1,6.1,79.7,99.1,9,16,1,1.85
263.4,80.13,488,9.1,6.2,79.1,99.1,9,16,1,1.85
263.8,79.53,489,8.8,6.1,78.5,99.1,9,16,1,1.85
264.2,78.88,490,8.9,6.1,77.9,99.1,9,16,1,1.85
264.5,78.28,491,8.8,6.1,77.3,99.1,9,16,1,1.85
264.9,77.63,492,8.8,6.2,76.6,99.1,9,16,1,1.85
265.2,77.03,493,8.5,6.1,76.0,99.1,9,16,1,1.85
265.6,76.43,494,8.6,6.1,75.4,99.1,9,16,1,1.85
266,75.78,495,8.5,6.1,74.8,99.1,9,16,1,1.85
266.3,75.18,496,8.4,6.1,74.2,99.1,9,16,1,1.85
266.7,74.52,497,8.4,6.1,73.5,99.1,9,16,1,1.85
267,73.92,498,8.3,6.1,72.9,99.1,9,16,1,1.85
267.4,73.27,499,8.1,6.1,72.3,99.1,9,16,1,1.85
267.8,72.67,500,8.1,6.1,71.7,99.1,9,16,1,1.85
268.1,72.02,501,8.0,6.1,71.0,99.1,9,16,1,1.85
268.5,71.42,502,8.0,6.1,70.4,99.1,9,16,1,1.85
268.8,70.82,503,7.9,6.1,69.8,99.1,9,16,1,1.85
269.2,70.22,504,7.9,6.1,69.2,99.1,9,16,1,1.85
269.6,69.57,505,7.8,6.1,68.6,99.1,9,16,1,1.85
269.9,68.97,506,7.8,6.2,68.0,99.1,9,16,1,1.85
270.3,68.32,507,7.6,6.1,67.3,99.1,9,16,1,1.85
270.6,67.72,508,7.5,6.1,66.7,99.1,9,16,1,1.85
271,67.12,509,7.5,6.1,66.1,99.1,9,16,1,1.85
271.3,66.47,510,7.5,6.2,65.5,99.1,9,16,1,1.85
271.7,65.87,511,7.3,6.1,64.9,99.1,9,16,1,1.85
272.1,65.27,512,7.3,6.1,64.3,99.1,9,16,1,1.85
272.4,64.61,513,7.2,6.1,63.6,99.1,9,16,1,1.85
272.8,64.01,514,7.2,6.1,63.0,99.1,9,16,1,1.85
273.1,63.36,515,7.1,6.1,62.4,99.1,9,16,1,1.85
273.5,62.76,516,7.0,6.1,61.8,99.1,9,16,1,1.85
273.9,62.16,517,6.9,6.1,61.1,99.1,9,16,1,1.85
274.2,61.51,518,6.9,6.1,60.5,99.1,9,16,1,1.85
274.6,60.91,519,6.8,6.1,59.9,99.1,9,16,1,1.85
274.9,60.31,520,6.7,6.2,59.3,99.1,9,16,1,1.85
275.7,59.01,522,6.7,6.3,58.0,99.1,9,16,1,1.8
276,58.36,523,6.4,6.1,57.4,99.1,9,16,1,1.85
276.4,57.76,524,6.5,6.1,56.8,99.1,9,16,1,1.85
276.8,57.16,525,6.4,6.1,56.2,99.1,9,16,1,1.85
277.1,56.51,526,6.3,6.1,55.5,99.1,9,16,1,1.85
277.5,55.91,527,6.2,6.1,54.9,99.1,9,16,1,1.85
277.8,55.26,528,6.2,6.1,54.3,99.1,9,16,1,1.85
278.2,54.65,529,6.0,6.1,53.7,99.1,9,16,1,1.85
278.6,54.05,530,6.0,6.1,53.1,99.1,9,16,1,1.85
278.9,53.4,531,6.0,6.1,52.4,99.1,9,16,1,1.85
279.3,52.75,532,5.9,6.1,51.8,99.1,9,16,1,1.85
294.5,98.8,534,11.1,6.1,97.8,99.1,9,16,1,1.85
294.9,98.15,535,11.0,6.1,97.2,99.1,9,16,1,1.85
295.2,97.55,536,10.9,6.1,96.6,99.1,9,16,1,1.85
295.6,96.9,537,10.8,6.1,95.9,99.1,9,16,1,1.85
295.9,96.3,538,10.8,6.1,95.3,99.1,9,16,1,1.85
296.3,95.7,539,10.6,6.1,94.6,99.1,9,16,1,1.85
296.7,95.05,540,10.7,6.1,94.0,99.1,9,16,1,1.85
297,94.44,541,10.5,6.1,93.4,99.1,9,16,1,1.85
297.4,93.79,542,10.5,6.2,92.8,99.1,9,16,1,1.85
297.8,93.19,543,10.5,6.1,92.2,99.1,9,16,1,1.85
298.1,92.54,544,10.4,6.1,91.5,99.1,9,16,1,1.85
298.5,91.94,545,10.3,6.1,90.9,99.1,9,16,1,1.85
298.8,91.34,546,10.3,6.1,90.3,99.1,9,16,1,1.85
299.2,90.69,547,10.1,6.1,89.7,99.1,9,16,1,1.85
299.6,90.09,548,10.1,6.1,89.1,99.1,9,16,1,1.85
299.9,89.44,549,10.1,6.1,88.4,99.1,9,16,1,1.85
