ElapsedTime(s),Battery(%)
0.0982587,85
0.198129,85
0.298167,85
0.398138,85
0.498107,85
0.598125,85
0.698147,85
0.798128,85
0.898134,85
0.998095,85
1.09806,84.9971
1.19806,84.9943
1.29809,84.9914
1.39806,84.9885
1.49806,84.9856
1.59806,84.9827
1.6981,84.9799
1.79811,84.977
1.89809,84.9741
1.99809,84.9712
2.09808,84.9684
2.19808,84.9655
2.29808,84.9626
2.39806,84.9597
2.49809,84.9569
2.59809,84.954
2.6981,84.9511
2.79808,84.9482
2.89805,84.9454
2.99808,84.9425
3.09806,84.9396
3.19812,84.9367
3.2981,84.9339
3.39809,84.931
3.49809,84.9281
3.59809,84.9252
3.6981,84.9223
3.79805,84.9195
3.89809,84.9166
3.99811,84.9137
4.0981,84.9108
4.19808,84.908
4.29807,84.9051
4.39822,84.9022
4.49813,84.8993
4.59811,84.8965
4.69809,84.8936
4.7981,84.8907
4.89813,84.8878
4.99811,84.885
5.09809,84.8821
5.1981,84.8792
5.2981,84.8763
5.39807,84.8735
5.49807,84.8706
5.5981,84.8677
5.69811,84.8648
5.7981,84.862
5.89814,84.8591
5.9981,84.8562
6.09814,84.8533
6.19811,84.8504
6.29806,84.8476
6.39812,84.8447
6.49812,84.8418
6.5981,84.8389
6.6981,84.8361
6.7981,84.8332
6.89811,84.8303
6.99814,84.8274
7.09813,84.8246
7.19814,84.8217
7.29809,84.8188
7.39812,84.8159
7.49811,84.8131
7.59814,84.8102
7.69811,84.8073
7.79807,84.8044
7.89812,84.8016
7.99816,84.7987
8.09816,84.7958
8.19814,84.7929
8.29808,84.7901
8.39811,84.7872
8.49812,84.7843
8.5981,84.7814
8.69811,84.7786
8.79811,84.7757
8.89813,84.7728
8.99814,84.7699
9.09813,84.7671
9.19815,84.7642
9.29814,84.7613
9.39819,84.7584
9.49813,84.7555
9.59811,84.7527
9.6981,84.7498
9.79816,84.7469
9.89811,84.744
9.99814,84.7412
10.0981,84.7383
10.1982,84.7354
10.2981,84.7325
10.3982,84.7297
10.4982,84.7268
10.5982,84.7239
10.6981,84.721
10.7982,84.7182
10.8981,84.7153
10.9982,84.7124
11.0982,84.7095
11.1981,84.7067
11.2981,84.7038
11.3982,84.7009
11.4981,84.698
11.5981,84.6951
11.6982,84.6923
11.7982,84.6894
11.8982,84.6865
11.9981,84.6836
12.0981,84.6808
12.1982,84.6779
12.2981,84.675
12.3982,84.6721
12.4981,84.6693
12.5981,84.6664
12.6981,84.6635
12.7982,84.6606
12.8981,84.6578
12.9981,84.6549
13.0981,84.652
13.1982,84.6491
13.2981,84.6463
13.3982,84.6434
13.4981,84.6405
13.5982,84.6376
13.6981,84.6348
13.7982,84.6319
13.8981,84.629
13.9981,84.6261
14.0982,84.6233
14.1982,84.6204
14.2982,84.6175
14.3981,84.6146
14.4982,84.6118
14.5982,84.6089
14.6981,84.606
14.7982,84.6031
14.8981,84.6002
14.9981,84.5974
15.0982,84.5945
15.1981,84.5916
15.2982,84.5887
15.3981,84.5859
15.4981,84.583
15.5982,84.5801
15.6982,84.5772
15.7982,84.5744
15.8981,84.5715
15.9982,84.5686
16.0982,84.5657
16.1982,84.5629
16.2982,84.56
16.3981,84.5573
16.4981,84.5542
16.5981,84.5515
16.6981,84.5485
16.7981,84.5457
16.8981,84.5429
16.9981,84.54
17.0982,84.5371
17.1982,84.5342
17.2982,84.5314
17.3982,84.5285
17.4981,84.5256
17.5982,84.5227
17.6982,84.5199
17.7982,84.517
17.8982,84.5141
17.9981,84.5112
18.0981,84.5084
18.1982,84.5055
18.2982,84.5026
18.3981,84.4997
18.4982,84.4969
18.5982,84.494
18.6982,84.4911
18.7982,84.4882
18.8981,84.4853
18.9981,84.4825
19.0982,84.4796
19.1982,84.4767
19.2981,84.4738
19.3982,84.471
19.4982,84.4681
19.5982,84.4652
19.6982,84.4623
19.7982,84.4595
19.8982,84.4566
19.9982,84.4537
20.0982,84.4508
20.1982,84.448
20.2982,84.4451
20.3982,84.4422
20.4981,84.4393
20.5982,84.4365
20.6982,84.4336
20.7981,84.4307
20.8982,84.4278
20.9982,84.425
21.0982,84.4221
21.1982,84.4192
21.2982,84.4163
21.3982,84.4135
21.4982,84.4106
21.5982,84.4077
21.6982,84.4048
21.7982,84.402
21.8982,84.3991
21.9982,84.3962
22.0981,84.3933
22.1982,84.3904
22.2982,84.3876
22.3982,84.3847
22.4982,84.3818
22.5982,84.3789
22.6981,84.3761
22.7982,84.3732
22.8982,84.3703
22.9982,84.3674
23.0982,84.3646
23.1982,84.3617
23.2982,84.3588
23.3982,84.3559
23.4982,84.3531
23.5982,84.3514
23.6982,84.3547
23.7982,84.358
23.8982,84.3613
23.9982,84.3646
24.0982,84.368
24.1982,84.3713
24.2982,84.3746
24.3982,84.3779
24.4982,84.3812
24.5982,84.3845
24.6982,84.3878
24.7982,84.3911
24.8981,84.3944
24.9981,84.3977
25.0982,84.401
25.1982,84.4043
25.2982,84.4076
25.3982,84.411
25.4982,84.4143
25.5983,84.4176
25.6982,84.4209
25.7981,84.4242
25.8982,84.4275
25.9982,84.4308
26.0981,84.4341
26.1981,84.4374
26.2982,84.4407
26.3982,84.444
26.4981,84.4473
26.5982,84.4506
26.6982,84.454
26.7982,84.4573
26.8982,84.4606
26.9981,84.4639
27.0982,84.4672
27.1982,84.4705
27.2982,84.4738
27.3982,84.4771
27.4982,84.4804
27.5982,84.4837
27.6982,84.487
27.7982,84.4903
27.8982,84.4936
27.9982,84.4969
28.0982,84.5003
28.1982,84.5036
28.2982,84.5069
28.3982,84.5102
28.4981,84.5135
28.5982,84.5168
28.6982,84.5201
28.7982,84.5234
28.8982,84.5267
28.9982,84.53
29.0982,84.5333
29.1982,84.5366
29.2982,84.5399
29.3982,84.5433
29.4982,84.5466
29.5982,84.5499
29.6982,84.5532
29.7982,84.5565
29.8982,84.5598
29.9982,84.5631
30.0982,84.5664
30.1981,84.5697
30.2982,84.573
30.3982,84.5763
30.4982,84.5796
30.5982,84.5829
30.6982,84.5863
30.7982,84.5896
30.8982,84.5929
30.9982,84.5962
31.0982,84.5995
31.1982,84.6028
31.2982,84.6061
31.3982,84.6094
31.4982,84.6127
31.5982,84.616
31.6982,84.6193
31.7982,84.6226
31.8982,84.6259
31.9982,84.6292
32.0982,84.6326
32.1982,84.6359
32.2982,84.6392
32.3982,84.6425
32.4982,84.6458
32.5982,84.6491
32.6982,84.6524
32.7983,84.6557
32.8982,84.659
32.9982,84.6623
33.0982,84.6656
33.1982,84.6689
33.2982,84.6722
33.3982,84.6755
33.4982,84.6789
33.5982,84.6822
33.6982,84.6855
33.7982,84.6888
33.8982,84.6921
33.9982,84.6954
34.0982,84.6987
34.1982,84.702
34.2982,84.7053
34.3982,84.7086
34.4982,84.7119
34.5982,84.7152
34.6982,84.7185
34.7982,84.7219
34.8982,84.7252
34.9982,84.7285
35.0982,84.7318
35.1982,84.7351
35.2982,84.7384
35.3982,84.7417
35.4982,84.745
35.5982,84.7483
35.6981,84.7516
35.7981,84.7549
35.8982,84.7582
35.9982,84.7615
36.0982,84.7649
36.1982,84.7682
36.2982,84.7715
36.3982,84.7748
36.4982,84.7781
36.5982,84.7814
36.6982,84.7847
36.7983,84.788
36.8982,84.7913
36.9982,84.7946
37.0982,84.7979
37.1982,84.8012
37.2982,84.8045
37.3982,84.8079
37.4982,84.8112
37.5983,84.8145
37.6982,84.8178
37.7982,84.8211
37.8982,84.8244
37.9982,84.8277
38.0982,84.831
38.1982,84.8343
38.2982,84.8376
38.3982,84.8409
38.4982,84.8442
38.5982,84.8475
38.6982,84.8508
38.7982,84.8542
38.8982,84.8575
38.9982,84.8608
39.0982,84.8641
39.1982,84.8674
39.2983,84.8707
39.3982,84.874
39.4982,84.8773
39.5982,84.8806
39.6982,84.8839
39.7982,84.8872
39.8982,84.8905
39.9982,84.8938
40.0982,84.8972
40.1982,84.9005
40.2982,84.9038
40.3983,84.9071
40.4982,84.9104
40.5982,84.9137
40.6982,84.917
40.7982,84.9203
40.8982,84.9236
40.9982,84.9269
41.0982,84.9302
41.1982,84.9335
41.2982,84.9368
41.3982,84.9402
41.4982,84.9435
41.5982,84.9468
41.6982,84.9499
41.7982,84.9532
41.8982,84.9565
41.9982,84.9598
42.0983,84.9631
42.1982,84.9664
42.2982,84.9697
42.3982,84.9731
42.4982,84.9764
42.5982,84.9797
42.6982,84.983
42.7982,84.9863
42.8982,84.9896
42.9982,84.9929
43.0982,84.9962
43.1982,84.9995
43.2982,85.0028
43.3982,85.0061
43.4982,85.0094
43.5982,85.0128
43.6982,85.0161
43.7982,85.0194
43.8982,85.0227
43.9982,85.026
44.0982,85.0293
44.1982,85.0326
44.2982,85.0359
44.3982,85.0392
44.4982,85.0425
44.5982,85.0458
44.6982,85.0491
44.7982,85.0524
44.8982,85.0557
44.9982,85.0591
45.0982,85.0624
45.1982,85.0657
45.2982,85.069
45.3982,85.0723
45.4982,85.0756
45.5982,85.0789
45.6982,85.0822
45.7982,85.0855
45.8982,85.0888
45.9982,85.0921
46.0982,85.0954
46.1983,85.0987
46.2982,85.102
46.3982,85.1054
46.4982,85.1087
46.5982,85.112
46.6982,85.1153
46.7982,85.1186
46.8982,85.1219
46.9982,85.1252
47.0982,85.1285
47.1982,85.1318
47.2982,85.1351
47.3982,85.1384
47.4982,85.1417
47.5982,85.145
47.6982,85.1484
47.7982,85.1517
47.8982,85.155
47.9982,85.1583
48.0982,85.1616
48.1982,85.1649
48.2982,85.1682
48.3982,85.1715
48.4982,85.1748
48.5982,85.1781
48.6982,85.1814
48.7982,85.1847
48.8982,85.188
48.9982,85.1914
49.0982,85.1947
49.1982,85.198
49.2982,85.2013
49.3982,85.2046
49.4982,85.2079
49.5982,85.2112
49.6982,85.2145
49.7982,85.2178
49.8982,85.2211
49.9982,85.2244
50.0982,85.2277
50.1982,85.231
50.2982,85.2344
50.3982,85.2377
50.4982,85.241
50.5982,85.2443
50.6982,85.2476
50.7982,85.2509
50.8982,85.2542
50.9982,85.2575
51.0982,85.2608
51.1982,85.2641
51.2982,85.2674
51.3982,85.2707
51.4982,85.274
51.5982,85.2773
51.6982,85.2807
51.7982,85.284
51.8982,85.2873
51.9982,85.2906
52.0982,85.2939
52.1982,85.2972
52.2982,85.3005
52.3982,85.3038
52.4982,85.3071
52.5983,85.3104
52.6982,85.3137
52.7982,85.317
52.8982,85.3203
52.9982,85.3236
53.0982,85.327
53.1982,85.3303
53.2982,85.3336
53.3982,85.3369
53.4982,85.3402
53.5982,85.3435
53.6982,85.3468
53.7983,85.3501
53.8982,85.3534
53.9982,85.3567
54.0982,85.36
54.1982,85.3633
54.2982,85.3666
54.3982,85.37
54.4982,85.3733
54.5982,85.3766
54.6982,85.3799
54.7982,85.3832
54.8982,85.3865
54.9982,85.3898
55.0982,85.3931
55.1982,85.3964
55.2982,85.3997
55.3982,85.403
55.4982,85.4063
55.5982,85.4096
55.6982,85.413
55.7982,85.4163
55.8982,85.4196
55.9982,85.4229
56.0982,85.4262
56.1982,85.4295
56.2982,85.4328
56.3982,85.4361
56.4982,85.4394
56.5982,85.4427
56.6982,85.446
56.7982,85.4493
56.8982,85.4526
56.9982,85.4559
57.0982,85.4593
57.1982,85.4626
57.2982,85.4659
57.3982,85.4692
57.4982,85.4725
57.5982,85.4758
57.6982,85.4791
57.7983,85.4824
57.8982,85.4857
57.9982,85.489
58.0982,85.4923
58.1982,85.4956
58.2982,85.4989
58.3982,85.5023
58.4982,85.5056
58.5982,85.5089
58.6982,85.5122
58.7982,85.5155
58.8982,85.5188
58.9982,85.5221
59.0982,85.5254
59.1982,85.5287
59.2982,85.532
59.3982,85.5353
59.4982,85.5386
59.5982,85.5419
59.6982,85.5453
59.7982,85.5486
59.8982,85.5519
59.9982,85.5552
60.0982,85.5585
60.1982,85.5618
60.2982,85.5651
60.3982,85.5684
60.4982,85.5717
60.5982,85.575
60.6982,85.5783
60.7982,85.5816
60.8982,85.5849
60.9983,85.5883
61.0982,85.5916
61.1982,85.5949
61.2982,85.5982
61.3982,85.6015
61.4982,85.6048
61.5982,85.6081
61.6982,85.6114
61.7982,85.6147
61.8982,85.618
61.9982,85.6213
62.0982,85.6246
62.1982,85.6279
62.2982,85.6312
62.3982,85.6346
62.4982,85.6379
62.5982,85.6412
62.6982,85.6445
62.7982,85.6478
62.8982,85.6511
62.9982,85.6544
63.0983,85.6577
63.1982,85.661
63.2982,85.6643
63.3982,85.6676
63.4982,85.6709
63.5982,85.6742
63.6982,85.6775
63.7982,85.6809
63.8982,85.6842
63.9982,85.6875
64.0982,85.6908
64.1982,85.6941
64.2982,85.6974
64.3982,85.7007
64.4983,85.704
64.5983,85.7073
64.6982,85.7106
64.7983,85.7139
64.8983,85.7172
64.9983,85.7205
65.0983,85.7239
65.1983,85.7272
65.2983,85.7305
65.3983,85.7338
65.4983,85.7371
65.5983,85.7404
65.6983,85.7437
65.7983,85.747
65.8983,85.7503
65.9983,85.7536
66.0983,85.7569
66.1983,85.7602
66.2983,85.7635
66.3983,85.7669
66.4983,85.7702
66.5983,85.7735
66.6984,85.7768
66.7982,85.7801
66.8982,85.7834
66.9983,85.7867
67.0982,85.79
67.1983,85.7933
67.2983,85.7966
67.3983,85.7999
67.4983,85.8032
67.5983,85.8065
67.6983,85.8098
67.7983,85.8132
67.8982,85.8165
67.9982,85.8196
68.0982,85.8229
68.1983,85.8262
68.2983,85.8295
68.3983,85.8328
68.4983,85.8361
68.5983,85.8395
68.6983,85.8428
68.7983,85.8461
68.8983,85.8494
68.9983,85.8527
69.0983,85.856
69.1983,85.8593
69.2983,85.8626
69.3983,85.8659
69.4983,85.8692
69.5983,85.8725
69.6983,85.8758
69.7983,85.8791
69.8983,85.8824
69.9983,85.8858
70.0983,85.8891
70.1983,85.8924
70.2983,85.8957
70.3983,85.899
70.4983,85.9023
70.5983,85.9056
70.6983,85.9089
70.7983,85.9122
70.8983,85.9155
70.9982,85.9188
71.0983,85.9221
71.1983,85.9254
71.2983,85.9287
71.3983,85.9321
71.4983,85.9354
71.5983,85.9387
71.6983,85.942
71.7983,85.9453
71.8982,85.9486
71.9983,85.9519
72.0983,85.9552
72.1983,85.9585
72.2983,85.9618
72.3983,85.9651
72.4983,85.9684
72.5983,85.9718
72.6983,85.9751
72.7983,85.9784
72.8983,85.9817
72.9983,85.985
73.0983,85.9883
73.1983,85.9916
73.2983,85.9949
73.3983,85.9982
73.4983,86.0015
73.5983,86.0048
73.6983,86.0081
73.7983,86.0114
73.8983,86.0148
73.9983,86.0181
74.0983,86.0214
74.1983,86.0247
74.2983,86.028
74.3983,86.0313
74.4983,86.0346
74.5983,86.0379
74.6983,86.0412
74.7983,86.0445
74.8983,86.0478
74.9983,86.0511
75.0983,86.0544
75.1983,86.0577
75.2983,86.061
75.3983,86.0644
75.4983,86.0677
75.5983,86.071
75.6983,86.0743
75.7983,86.0776
75.8983,86.0809
75.9983,86.0842
76.0983,86.0875
76.1983,86.0908
76.2983,86.0941
76.3983,86.0974
76.4983,86.1007
76.5983,86.104
76.6983,86.1074
76.7983,86.1107
76.8983,86.114
76.9983,86.1173
77.0983,86.1206
77.1983,86.1239
77.2983,86.1272
77.3983,86.1305
77.4983,86.1338
77.5983,86.1371
77.6983,86.1404
77.7983,86.1437
77.8983,86.147
77.9983,86.1504
78.0983,86.1537
78.1983,86.157
78.2983,86.1603
78.3983,86.1636
78.4983,86.1669
78.5983,86.1702
78.6983,86.1735
78.7983,86.1768
78.8983,86.1801
78.9983,86.1834
79.0983,86.1867
79.1983,86.19
79.2983,86.1934
79.3983,86.1967
79.4983,86.2
79.5983,86.2033
79.6983,86.2066
79.7983,86.2099
79.8983,86.2132
79.9983,86.2165
80.0983,86.2198
80.1983,86.2231
80.2983,86.2264
80.3983,86.2297
80.4983,86.233
80.5983,86.2363
80.6983,86.2397
80.7983,86.243
80.8983,86.2463
80.9983,86.2496
81.0983,86.2529
81.1983,86.2562
81.2983,86.2595
81.3983,86.2628
81.4983,86.2661
81.5983,86.2694
81.6983,86.2727
81.7983,86.276
81.8983,86.2793
81.9983,86.2826
82.0983,86.286
82.1983,86.2893
82.2983,86.2926
82.3983,86.2959
82.4983,86.2992
82.5983,86.3025
82.6983,86.3058
82.7983,86.3091
82.8983,86.3124
82.9983,86.3157
83.0983,86.319
83.1983,86.3223
83.2983,86.3256
83.3983,86.329
83.4983,86.3323
83.5983,86.3356
83.6983,86.3389
83.7983,86.3422
83.8983,86.3455
83.9983,86.3488
84.0983,86.3521
84.1983,86.3554
84.2984,86.3587
84.3983,86.362
84.4983,86.3653
84.5983,86.3687
84.6983,86.372
84.7983,86.3753
84.8983,86.3786
84.9983,86.3819
85.0983,86.3852
85.1983,86.3885
85.2983,86.3918
85.3983,86.3951
85.4983,86.3984
85.5983,86.4017
85.6983,86.405
85.7983,86.4083
85.8983,86.4116
85.9983,86.415
86.0983,86.4183
86.1983,86.4216
86.2983,86.4249
86.3984,86.4282
86.4983,86.4315
86.5983,86.4348
86.6983,86.4381
86.7983,86.4414
86.8983,86.4447
86.9983,86.448
87.0983,86.4513
87.1983,86.4546
87.2983,86.4579
87.3983,86.4613
87.4984,86.4646
87.5983,86.4679
87.6983,86.4712
87.7983,86.4745
87.8983,86.4778
87.9983,86.4811
88.0983,86.4844
88.1983,86.4877
88.2983,86.491
88.3983,86.4943
88.4983,86.4976
88.5983,86.5009
88.6983,86.5043
88.7983,86.5076
88.8983,86.5109
88.9983,86.5142
89.0983,86.5175
89.1983,86.5208
89.2984,86.5241
89.3983,86.5274
89.4983,86.5307
89.5983,86.534
89.6983,86.5373
89.7983,86.5406
89.8983,86.5439
89.9983,86.5473
90.0983,86.5506
90.1983,86.5539
90.2983,86.5572
90.3983,86.5605
90.4983,86.5638
90.5983,86.5671
90.6983,86.5704
90.7983,86.5737
90.8983,86.577
90.9983,86.5803
91.0983,86.5836
91.1983,86.5869
91.2983,86.5902
91.3984,86.5936
91.4983,86.5969
91.5984,86.6002
91.6983,86.6035
91.7983,86.6068
91.8984,86.6101
91.9983,86.6134
92.0983,86.6167
92.1983,86.62
92.2983,86.6233
92.3983,86.6266
92.4983,86.6299
92.5984,86.6332
92.6983,86.6365
92.7984,86.6399
92.8983,86.6432
92.9983,86.6465
93.0983,86.6498
93.1983,86.6531
93.2983,86.6564
93.3983,86.6597
93.4983,86.663
93.5983,86.6663
93.6983,86.6696
93.7983,86.6729
93.8983,86.6762
93.9984,86.6795
94.0983,86.6829
94.1983,86.6862
94.2983,86.6893
94.3983,86.6928
94.4983,86.6959
94.5984,86.6992
94.6983,86.7025
94.7983,86.706
94.8983,86.7091
94.9984,86.7125
95.0984,86.7158
95.1984,86.7191
95.2984,86.7224
95.3984,86.7257
95.4984,86.729
95.5984,86.7323
95.6984,86.7356
95.7984,86.7389
95.8984,86.7422
95.9984,86.7455
96.0984,86.7488
96.1984,86.7521
96.2983,86.7555
96.3983,86.7588
96.4983,86.7621
96.5983,86.7654
96.6983,86.7687
96.7983,86.772
96.8983,86.7753
96.9983,86.7786
97.0984,86.7819
97.1984,86.7852
97.2983,86.7885
97.3984,86.7918
97.4984,86.7951
97.5983,86.7985
97.6984,86.8018
97.7984,86.8051
97.8984,86.8084
97.9983,86.8117
98.0984,86.815
98.1984,86.8183
98.2984,86.8216
98.3984,86.8249
98.4984,86.8282
98.5984,86.8315
98.6984,86.8348
98.7984,86.8381
98.8984,86.8414
98.9984,86.8448
99.0984,86.8481
99.1984,86.8514
99.2984,86.8547
99.3984,86.858
99.4984,86.8613
99.5984,86.8646
99.6984,86.8679
99.7984,86.8712
99.8984,86.8745
99.9984,86.8778
100.098,86.8811
100.198,86.8844
100.298,86.8877
100.398,86.8911
100.498,86.8944
100.598,86.8977
100.698,86.901
100.798,86.9043
100.898,86.9076
100.998,86.9109
101.098,86.9142
101.198,86.9175
101.298,86.9208
101.398,86.9241
101.498,86.9274
101.598,86.9308
101.698,86.9341
101.798,86.9374
101.898,86.9407
101.998,86.944
102.098,86.9473
102.198,86.9506
102.298,86.9539
102.398,86.9572
102.498,86.9605
102.598,86.9638
102.698,86.9671
102.798,86.9704
102.898,86.9738
102.998,86.9771
103.098,86.9804
103.198,86.9837
103.298,86.987
103.398,86.9903
103.498,86.9936
103.598,86.9969
103.698,87.0002
103.798,87.0035
103.898,87.0068
103.998,87.0101
104.098,87.0134
104.198,87.0167
104.298,87.0201
104.398,87.0234
104.498,87.0267
104.598,87.03
104.698,87.0333
104.798,87.0366
104.898,87.0399
104.998,87.0432
105.098,87.0465
105.198,87.0498
105.298,87.0531
105.398,87.0564
105.498,87.0597
105.598,87.063
105.698,87.0664
105.798,87.0697
105.898,87.073
105.998,87.0763
106.098,87.0796
106.198,87.0829
106.298,87.0862
106.398,87.0895
106.498,87.0928
106.598,87.0961
106.698,87.0994
106.798,87.1027
106.898,87.106
106.998,87.1094
107.098,87.1127
107.198,87.116
107.298,87.1193
107.398,87.1226
107.498,87.1259
107.598,87.1292
107.698,87.1325
107.798,87.1358
107.898,87.1391
107.998,87.1424
108.098,87.1457
108.198,87.149
108.298,87.1524
108.398,87.1557
108.498,87.159
108.598,87.1623
108.698,87.1656
108.798,87.1689
108.898,87.1722
108.998,87.1755
109.098,87.1788
109.198,87.1821
109.298,87.1854
109.398,87.1887
109.498,87.192
109.598,87.1953
109.698,87.1987
109.798,87.202
109.898,87.2053
109.998,87.2086
110.098,87.2119
110.198,87.2152
110.298,87.2185
110.398,87.2218
110.498,87.2251
110.598,87.2284
110.698,87.2317
110.798,87.235
110.898,87.2383
110.998,87.2416
111.098,87.245
111.198,87.2483
111.298,87.2516
111.398,87.2549
111.498,87.2582
111.598,87.2615
111.698,87.2648
111.798,87.2681
111.898,87.2714
111.998,87.2747
112.098,87.278
112.198,87.2813
112.298,87.2847
112.398,87.288
112.498,87.2913
112.598,87.2946
112.698,87.2979
112.798,87.3012
112.898,87.3045
112.998,87.3078
113.098,87.3111
113.198,87.3144
113.298,87.3177
113.398,87.321
113.498,87.3243
113.598,87.3277
113.698,87.331
113.798,87.3343
113.898,87.3376
113.998,87.3409
114.098,87.3442
114.198,87.3475
114.298,87.3508
114.398,87.3541
114.498,87.3574
114.598,87.3607
114.698,87.364
114.798,87.3673
114.898,87.3706
114.998,87.374
115.098,87.3773
115.198,87.3806
115.298,87.3839
115.398,87.3872
115.498,87.3905
115.599,87.3938
115.698,87.3971
115.798,87.4004
115.899,87.4037
115.998,87.407
116.098,87.4103
116.198,87.4136
116.298,87.4169
116.398,87.4203
116.499,87.4236
116.598,87.4269
116.698,87.4302
116.798,87.4335
116.898,87.4368
116.998,87.4401
117.098,87.4434
117.199,87.4467
117.298,87.45
117.398,87.4533
117.498,87.4566
117.598,87.4599
117.698,87.4633
117.798,87.4666
117.898,87.4699
117.998,87.4732
118.098,87.4765
118.198,87.4798
118.298,87.4831
118.398,87.4864
118.498,87.4897
118.598,87.493
118.698,87.4963
118.798,87.4996
118.898,87.5029
118.998,87.5063
119.098,87.5096
119.198,87.5129
119.298,87.5162
119.398,87.5195
119.498,87.5228
119.598,87.5261
119.698,87.5294
119.798,87.5327
119.898,87.536
119.998,87.5393
120.098,87.5426
120.198,87.5459
120.298,87.5492
120.398,87.5524
120.498,87.5559
120.598,87.5592
120.698,87.5625
120.798,87.5658
120.898,87.5691
120.998,87.5724
121.098,87.5757
121.198,87.579
121.298,87.5823
121.398,87.5856
121.498,87.5889
121.598,87.5922
121.698,87.5955
121.798,87.5989
121.898,87.6022
121.998,87.6055
122.098,87.6088
122.198,87.6121
122.298,87.6154
122.398,87.6187
122.498,87.622
122.598,87.6253
122.698,87.6285
122.798,87.6318
122.898,87.6351
122.998,87.6384
123.098,87.6417
123.198,87.645
123.298,87.6483
123.398,87.6516
123.498,87.6549
123.598,87.6582
123.698,87.6615
123.798,87.6648
123.898,87.6681
123.998,87.6715
124.098,87.6748
124.198,87.6781
124.298,87.6814
124.398,87.6847
124.498,87.688
124.598,87.6913
124.698,87.6946
124.798,87.6979
124.898,87.7012
124.998,87.7045
125.098,87.7078
125.198,87.7111
125.298,87.7145
125.398,87.7178
125.498,87.7211
125.598,87.7244
125.698,87.7277
125.798,87.731
125.898,87.7343
125.998,87.7376
126.099,87.7409
126.198,87.7442
126.298,87.7475
126.398,87.7508
126.498,87.7541
126.598,87.7575
126.698,87.7608
126.798,87.7641
126.898,87.7674
126.998,87.7707
127.098,87.774
127.198,87.7773
127.298,87.7806
127.398,87.7839
127.498,87.7872
127.598,87.7905
127.698,87.7938
127.798,87.7971
127.898,87.8005
127.998,87.8038
128.098,87.8071
128.198,87.8104
128.298,87.8137
128.398,87.817
128.498,87.8203
128.598,87.8236
128.698,87.8269
128.798,87.8302
128.898,87.8335
128.998,87.8368
129.098,87.8401
129.198,87.8434
129.298,87.8468
129.398,87.8501
129.498,87.8534
129.598,87.8567
129.698,87.86
129.798,87.8633
129.898,87.8666
129.998,87.8699
130.098,87.8732
130.198,87.8765
130.298,87.8798
130.398,87.8831
130.498,87.8864
130.598,87.8898
130.698,87.8931
130.798,87.8964
130.898,87.8997
130.998,87.903
131.098,87.9063
131.198,87.9096
131.298,87.9129
131.398,87.9162
131.498,87.9195
131.598,87.9228
131.698,87.9261
131.798,87.9294
131.898,87.9328
131.998,87.9361
132.098,87.9394
132.198,87.9427
132.298,87.946
132.398,87.9493
132.498,87.9526
132.598,87.9559
132.698,87.9592
132.798,87.9625
132.898,87.9658
132.998,87.9691
133.098,87.9724
133.198,87.9757
133.298,87.9791
133.398,87.9824
133.498,87.9857
133.598,87.989
133.698,87.9923
133.798,87.9956
133.898,87.9989
133.998,88.0022
134.098,88.0055
134.198,88.0088
134.298,88.0121
134.398,88.0154
134.498,88.0187
134.598,88.022
134.698,88.0254
134.798,88.0287
134.898,88.032
134.998,88.0353
135.098,88.0386
135.198,88.0419
135.298,88.0452
135.398,88.0485
135.498,88.0518
135.598,88.0551
135.698,88.0584
135.798,88.0617
135.898,88.065
135.998,88.0684
136.098,88.0717
136.198,88.075
136.298,88.0783
136.398,88.0816
136.498,88.0849
136.598,88.0882
136.698,88.0915
136.798,88.0948
136.898,88.0981
136.998,88.1014
137.098,88.1047
137.198,88.108
137.298,88.1114
137.398,88.1147
137.498,88.118
137.598,88.1213
137.698,88.1246
137.798,88.1279
137.898,88.1312
137.998,88.1345
138.098,88.1378
138.198,88.1411
138.298,88.1444
138.398,88.1477
138.498,88.151
138.598,88.1544
138.698,88.1577
138.798,88.161
138.898,88.1643
138.998,88.1676
139.098,88.1709
139.198,88.1742
139.298,88.1775
139.398,88.1808
139.498,88.1841
139.598,88.1874
139.698,88.1907
139.798,88.194
139.898,88.1973
139.998,88.2007
140.098,88.204
140.198,88.2073
140.298,88.2106
140.398,88.2139
140.498,88.2172
140.598,88.2205
140.698,88.2238
140.798,88.2271
140.898,88.2304
140.998,88.2337
141.098,88.237
141.198,88.2403
141.298,88.2437
141.398,88.247
141.498,88.2503
141.598,88.2536
141.698,88.2569
141.799,88.2602
141.898,88.2635
141.998,88.2668
142.098,88.2701
142.198,88.2734
142.298,88.2767
142.398,88.28
142.498,88.2833
142.598,88.2867
142.698,88.29
142.798,88.2933
142.898,88.2966
142.998,88.2999
143.098,88.3032
143.198,88.3065
143.298,88.3098
143.398,88.3131
143.498,88.3164
143.598,88.3197
143.698,88.323
143.798,88.3263
143.898,88.3296
143.998,88.333
144.098,88.3363
144.198,88.3396
144.299,88.3429
144.398,88.3462
144.498,88.3495
144.598,88.3528
144.698,88.3561
144.798,88.3594
144.898,88.3627
144.998,88.366
145.099,88.3693
145.198,88.3726
145.298,88.3759
145.398,88.3793
145.498,88.3826
145.598,88.3859
145.698,88.3892
145.798,88.3925
145.899,88.3958
145.999,88.3991
146.098,88.4024
146.198,88.4057
146.298,88.409
146.398,88.4123
146.498,88.4156
146.598,88.4189
146.698,88.4223
146.799,88.4256
146.899,88.4289
146.998,88.4322
147.099,88.4355
147.198,88.4388
147.298,88.4421
147.398,88.4454
147.498,88.4487
147.598,88.452
147.699,88.4553
147.798,88.4586
147.898,88.4619
147.998,88.4653
148.098,88.4686
148.198,88.4719
148.298,88.4752
148.398,88.4785
148.498,88.4818
148.599,88.4851
148.698,88.4884
148.798,88.4917
148.898,88.495
148.999,88.4983
149.099,88.5016
149.198,88.5048
149.298,88.5081
149.398,88.5114
149.499,88.5147
149.599,88.518
149.698,88.5213
149.798,88.5246
149.898,88.5279
149.998,88.5312
150.099,88.5345
150.199,88.5379
150.299,88.5412
150.399,88.5445
150.499,88.5478
150.599,88.5511
150.699,88.5544
150.799,88.5577
150.899,88.561
150.998,88.5643
151.099,88.5676
151.199,88.5709
151.299,88.5742
151.399,88.5775
151.499,88.5809
151.599,88.5842
151.698,88.5875
151.798,88.5908
151.899,88.5941
151.999,88.5974
152.099,88.6007
152.199,88.604
152.299,88.6073
152.399,88.6106
152.498,88.6139
152.599,88.6172
152.699,88.6205
152.799,88.6238
152.898,88.6271
152.998,88.6305
153.098,88.6338
153.199,88.6371
153.299,88.6404
153.399,88.6437
153.498,88.647
153.598,88.6503
153.698,88.6536
153.799,88.6569
153.898,88.6602
153.999,88.6635
154.099,88.6668
154.199,88.6701
154.299,88.6735
154.398,88.6768
154.498,88.6801
154.599,88.6834
154.699,88.6867
154.799,88.69
154.899,88.6933
154.998,88.6966
155.098,88.6999
155.199,88.7032
155.299,88.7065
155.399,88.7098
155.499,88.7131
155.599,88.7165
155.699,88.7198
155.799,88.7231
155.899,88.7264
155.999,88.7297
156.099,88.733
156.199,88.7363
156.299,88.7396
156.399,88.7429
156.499,88.7462
156.599,88.7495
156.699,88.7528
156.799,88.7561
156.899,88.7595
156.999,88.7628
157.099,88.7661
157.199,88.7694
157.299,88.7727
157.399,88.776
157.499,88.7793
157.599,88.7826
157.698,88.7859
157.799,88.7892
157.899,88.7925
157.999,88.7958
158.099,88.7991
158.199,88.8024
158.299,88.8058
158.399,88.8091
158.499,88.8124
158.598,88.8157
158.699,88.819
158.799,88.8223
158.899,88.8256
158.999,88.8289
159.099,88.8322
159.198,88.8355
159.298,88.8388
159.399,88.8421
159.499,88.8454
159.599,88.8488
159.699,88.8521
159.799,88.8554
159.899,88.8587
159.999,88.862
160.099,88.8653
160.199,88.8686
160.299,88.8719
160.399,88.8752
160.499,88.8785
160.599,88.8818
160.699,88.8851
160.799,88.8884
160.899,88.8918
160.999,88.8951
161.099,88.8984
161.199,88.9017
161.299,88.905
161.399,88.9083
161.499,88.9116
161.599,88.9149
161.698,88.9182
161.798,88.9215
161.899,88.9248
161.999,88.9281
162.099,88.9314
162.199,88.9348
162.298,88.9381
162.399,88.9414
162.499,88.9447
162.599,88.948
162.699,88.9513
162.799,88.9546
162.899,88.9579
162.999,88.9612
163.098,88.9645
163.199,88.9678
163.299,88.9711
163.399,88.9744
163.499,88.9777
163.599,88.981
163.699,88.9844
163.799,88.9877
163.899,88.991
163.999,88.9943
164.099,88.9976
164.199,89.0009
164.298,89.0042
164.399,89.0075
164.499,89.0108
164.599,89.0141
164.699,89.0174
164.799,89.0207
164.899,89.024
164.999,89.0274
165.099,89.0307
165.199,89.034
165.299,89.0373
165.399,89.0406
165.499,89.0439
165.599,89.0472
165.699,89.0505
165.799,89.0538
165.899,89.0571
165.999,89.0604
166.099,89.0637
166.199,89.067
166.299,89.0704
166.399,89.0737
166.499,89.077
166.599,89.0803
166.699,89.0836
166.799,89.0869
166.899,89.0902
166.999,89.0935
167.099,89.0968
167.199,89.1001
167.299,89.1034
167.399,89.1067
167.499,89.11
167.599,89.1134
167.699,89.1167
167.799,89.12
167.899,89.1233
167.999,89.1266
168.099,89.1299
168.199,89.1332
168.299,89.1365
168.399,89.1398
168.499,89.1431
168.599,89.1464
168.699,89.1497
168.799,89.153
168.899,89.1563
168.999,89.1597
169.099,89.163
169.199,89.1663
169.299,89.1696
169.399,89.1729
169.499,89.1762
169.599,89.1795
169.699,89.1828
169.799,89.1861
169.899,89.1894
169.999,89.1927
170.099,89.196
170.199,89.1993
170.299,89.2027
170.399,89.206
170.499,89.2093
170.599,89.2126
170.699,89.2159
170.799,89.2192
170.899,89.2225
170.999,89.2258
171.099,89.2291
171.199,89.2324
171.299,89.2357
171.399,89.239
171.499,89.2423
171.599,89.2457
171.699,89.249
171.799,89.2523
171.899,89.2556
171.999,89.2589
172.099,89.2622
172.199,89.2655
172.299,89.2688
172.399,89.2721
172.499,89.2754
172.599,89.2787
172.699,89.282
172.799,89.2853
172.899,89.2887
172.999,89.292
173.099,89.2953
173.199,89.2986
173.299,89.3019
173.399,89.3052
173.499,89.3085
173.599,89.3118
173.699,89.3151
173.799,89.3184
173.899,89.3217
173.999,89.3249
174.099,89.3282
174.199,89.3315
174.299,89.3348
174.399,89.3381
174.499,89.3414
174.599,89.3447
174.699,89.348
174.799,89.3513
174.899,89.3546
174.999,89.3579
175.099,89.3612
175.199,89.3646
175.299,89.3679
175.399,89.3712
175.499,89.3745
175.599,89.3778
175.699,89.3811
175.799,89.3844
175.899,89.3877
175.999,89.391
176.099,89.3943
176.199,89.3976
176.299,89.4009
176.399,89.4042
176.499,89.4075
176.599,89.4109
176.699,89.4142
176.799,89.4175
176.899,89.4208
176.999,89.4241
177.099,89.4274
177.199,89.4307
177.299,89.434
177.399,89.4373
177.499,89.4406
177.599,89.4439
177.699,89.4472
177.799,89.4505
177.899,89.4539
177.999,89.4572
178.099,89.4605
178.199,89.4638
178.299,89.4671
178.399,89.4704
178.499,89.4737
178.599,89.477
178.699,89.4803
178.799,89.4836
178.899,89.4869
178.999,89.4902
179.099,89.4935
179.199,89.4969
179.299,89.5002
179.399,89.5035
179.499,89.5068
179.599,89.5101
179.699,89.5134
179.799,89.5167
179.899,89.52
179.999,89.5233
180.099,89.5266
180.199,89.5299
180.299,89.5332
180.399,89.5365
180.499,89.5399
180.599,89.5432
180.699,89.5465
180.799,89.5498
180.899,89.5531
180.999,89.5564
181.099,89.5597
181.199,89.563
181.299,89.5663
181.399,89.5696
181.499,89.5729
181.599,89.5762
181.699,89.5795
181.799,89.5828
181.899,89.5862
181.999,89.5895
182.099,89.5928
182.199,89.5961
182.299,89.5994
182.399,89.6027
182.499,89.606
182.599,89.6093
182.699,89.6126
182.799,89.6159
182.899,89.6192
182.999,89.6225
183.099,89.6258
183.199,89.6291
183.299,89.6325
183.399,89.6358
183.499,89.6391
183.599,89.6424
183.699,89.6457
183.799,89.649
183.899,89.6523
183.999,89.6556
184.099,89.6589
184.199,89.6622
184.299,89.6655
184.399,89.6688
184.499,89.6722
184.599,89.6755
184.699,89.6788
184.799,89.6821
184.899,89.6854
184.999,89.6887
185.099,89.692
185.199,89.6953
185.299,89.6986
185.399,89.7019
185.499,89.7052
185.599,89.7085
185.699,89.7118
185.799,89.7152
185.899,89.7185
185.999,89.7218
186.099,89.7251
186.199,89.7284
186.299,89.7317
186.399,89.735
186.499,89.7383
186.599,89.7416
186.699,89.7449
186.799,89.7482
186.899,89.7515
186.999,89.7548
187.099,89.7581
187.199,89.7614
187.299,89.7648
187.399,89.7681
187.499,89.7714
187.599,89.7747
187.699,89.778
187.799,89.7813
187.899,89.7846
187.999,89.7879
188.099,89.7912
188.199,89.7945
188.299,89.7978
188.399,89.8011
188.499,89.8044
188.599,89.8078
188.699,89.8111
188.799,89.8144
188.899,89.8177
188.999,89.821
189.099,89.8243
189.199,89.8276
189.299,89.8309
189.399,89.8342
189.499,89.8375
189.599,89.8408
189.699,89.8441
189.799,89.8474
189.899,89.8508
189.999,89.8541
190.099,89.8574
190.199,89.8607
190.299,89.864
190.399,89.8673
190.499,89.8706
190.599,89.8739
190.699,89.8772
190.799,89.8805
190.899,89.8838
190.999,89.8871
191.099,89.8904
191.199,89.8938
191.299,89.8971
191.399,89.9004
191.499,89.9037
191.599,89.907
191.699,89.9103
191.799,89.9136
191.899,89.9169
191.999,89.9202
192.099,89.9235
192.199,89.9268
192.299,89.9301
192.399,89.9334
192.499,89.9367
192.599,89.9401
192.699,89.9434
192.799,89.9467
192.899,89.95
192.999,89.9533
193.099,89.9566
193.199,89.9599
193.299,89.9632
193.399,89.9665
193.499,89.9698
193.599,89.9731
193.699,89.9764
193.799,89.9797
193.899,89.983
193.999,89.9864
194.099,89.9897
194.199,89.993
194.299,89.9963
194.399,89.9996
194.499,90.0015
194.599,90.0031
194.699,90.0048
194.799,90.0064
194.899,90.008
194.999,90.0097
195.099,90.0113
195.199,90.013
195.299,90.0146
195.399,90.0162
195.499,90.0179
195.599,90.0195
195.699,90.0212
195.799,90.0228
195.899,90.0244
195.999,90.0261
196.099,90.0277
196.199,90.0294
196.299,90.031
196.399,90.0327
196.499,90.0343
196.599,90.0359
196.699,90.0376
196.799,90.0392
196.899,90.0409
196.999,90.0425
197.099,90.0441
197.199,90.0458
197.299,90.0474
197.399,90.0491
197.499,90.0507
197.599,90.0523
197.699,90.054
197.799,90.0556
197.899,90.0572
197.999,90.0588
198.099,90.0605
198.199,90.0621
198.299,90.0638
198.399,90.0654
198.499,90.067
198.599,90.0687
198.699,90.0703
198.799,90.072
198.899,90.0736
198.999,90.0752
199.099,90.0769
199.199,90.0785
199.299,90.0802
199.399,90.0818
199.499,90.0834
199.599,90.0851
199.699,90.0867
199.799,90.0884
199.899,90.09
199.999,90.0916
200.099,90.0933
200.199,90.0949
200.299,90.0966
200.399,90.0982
200.499,90.0998
200.599,90.1015
200.699,90.1031
200.799,90.1048
200.899,90.1064
200.999,90.108
201.099,90.1097
201.199,90.1113
201.299,90.113
201.399,90.1146
201.499,90.1163
201.599,90.1179
201.699,90.1195
201.799,90.1212
201.899,90.1228
201.999,90.1245
202.099,90.1261
202.199,90.1277
202.299,90.1294
202.399,90.131
202.499,90.1327
202.599,90.1343
202.699,90.1359
202.799,90.1376
202.899,90.1392
202.999,90.1409
203.099,90.1425
203.199,90.1442
203.299,90.1458
203.399,90.1474
203.499,90.1491
203.599,90.1507
203.699,90.1524
203.799,90.154
203.899,90.1556
203.999,90.1573
204.099,90.1589
204.199,90.1606
204.299,90.1622
204.399,90.1638
204.499,90.1655
204.599,90.1671
204.699,90.1688
204.799,90.1704
204.899,90.172
204.999,90.1737
205.099,90.1753
205.199,90.177
205.299,90.1786
205.399,90.1802
205.499,90.1819
205.599,90.1835
205.699,90.1852
205.799,90.1868
205.899,90.1884
205.999,90.1901
206.099,90.1917
206.199,90.1934
206.299,90.195
206.399,90.1967
206.499,90.1983
206.599,90.1999
206.699,90.2016
206.799,90.2032
206.899,90.2049
206.999,90.2065
207.099,90.2081
207.199,90.2098
207.299,90.2114
207.399,90.2131
207.499,90.2147
207.599,90.2163
207.699,90.218
207.799,90.2196
207.899,90.2213
207.999,90.2229
208.099,90.2245
208.199,90.2262
208.299,90.2278
208.399,90.2295
208.499,90.2311
208.599,90.2327
208.699,90.2344
208.799,90.236
208.899,90.2377
208.999,90.2393
209.099,90.241
209.199,90.2426
209.299,90.2442
209.399,90.2459
209.499,90.2475
209.599,90.2492
209.699,90.2508
209.799,90.2524
209.899,90.2541
209.999,90.2557
210.099,90.2574
210.199,90.259
210.299,90.2606
210.399,90.2623
210.499,90.2639
210.599,90.2656
210.699,90.2672
210.799,90.2688
210.899,90.2705
210.999,90.2721
211.099,90.2738
211.199,90.2754
211.299,90.2771
211.399,90.2787
211.499,90.2803
211.599,90.282
211.699,90.2836
211.799,90.2853
211.899,90.2869
211.999,90.2885
212.099,90.2902
212.199,90.2918
212.299,90.2935
212.399,90.2951
212.499,90.2967
212.599,90.2984
212.699,90.3
212.799,90.3017
212.899,90.3033
212.999,90.3049
213.099,90.3066
213.199,90.3082
213.299,90.3099
213.399,90.3115
213.499,90.3131
213.599,90.3148
213.699,90.3164
213.799,90.3181
213.899,90.3197
213.999,90.3214
214.099,90.323
214.199,90.3246
214.299,90.3263
214.399,90.3279
214.499,90.3296
214.599,90.3312
214.699,90.3328
214.799,90.3345
214.899,90.3361
214.999,90.3378
215.099,90.3394
215.199,90.341
215.299,90.3427
215.399,90.3443
215.499,90.346
215.599,90.3476
215.699,90.3492
215.799,90.3509
215.899,90.3525
215.999,90.3542
216.099,90.3558
216.199,90.3575
216.299,90.3591
216.399,90.3607
216.499,90.3624
216.599,90.364
216.699,90.3657
216.799,90.3673
216.899,90.3689
216.999,90.3706
217.099,90.3722
217.199,90.3739
217.299,90.3755
217.399,90.3771
217.499,90.3788
217.599,90.3804
217.699,90.3821
217.799,90.3837
217.899,90.3853
217.999,90.387
218.099,90.3886
218.199,90.3903
218.299,90.3919
218.399,90.3935
218.499,90.3952
218.599,90.3968
218.699,90.3985
218.799,90.4001
218.899,90.4018
218.999,90.4034
219.099,90.405
219.199,90.4067
219.299,90.4083
219.399,90.41
219.499,90.4116
219.599,90.4132
219.699,90.4149
219.799,90.4165
219.899,90.4182
219.999,90.4198
220.099,90.4214
220.199,90.4231
220.299,90.4247
220.399,90.4264
220.499,90.428
220.599,90.4297
220.699,90.4313
220.799,90.4329
220.899,90.4346
220.999,90.4362
221.099,90.4379
221.199,90.4395
221.299,90.4411
221.399,90.4428
221.499,90.4444
221.599,90.4461
221.699,90.4477
221.799,90.4493
221.899,90.451
221.999,90.4526
222.099,90.4543
222.199,90.4559
222.299,90.4575
222.399,90.4592
222.499,90.4608
222.599,90.4625
222.699,90.4641
222.799,90.4657
222.899,90.4674
222.999,90.469
223.099,90.4707
223.199,90.4723
223.299,90.4739
223.399,90.4756
223.499,90.4772
223.599,90.4789
223.699,90.4805
223.799,90.4822
223.899,90.4837
223.999,90.4854
224.099,90.487
224.199,90.4886
224.299,90.4903
224.399,90.4919
224.499,90.4936
224.599,90.4952
224.699,90.4968
224.799,90.4985
224.899,90.5001
224.999,90.5018
225.099,90.5034
225.199,90.505
225.299,90.5067
225.399,90.5083
225.499,90.51
225.599,90.5116
225.699,90.5132
225.799,90.5149
225.899,90.5165
225.999,90.5182
226.099,90.5198
226.199,90.5214
226.299,90.5231
226.399,90.5247
226.499,90.5264
226.599,90.528
226.699,90.5297
226.799,90.5313
226.899,90.5329
226.999,90.5346
227.099,90.5362
227.199,90.5379
227.299,90.5395
227.399,90.5411
227.499,90.5428
227.599,90.5444
227.699,90.5461
227.799,90.5477
227.899,90.5493
227.999,90.551
228.099,90.5526
228.199,90.5543
228.299,90.5559
228.399,90.5575
228.499,90.5592
228.599,90.5608
228.699,90.5625
228.799,90.5641
228.899,90.5658
228.999,90.5674
229.099,90.569
229.199,90.5707
229.299,90.5723
229.399,90.574
229.499,90.5756
229.599,90.5772
229.699,90.5789
229.799,90.5805
229.899,90.5822
229.999,90.5838
230.099,90.5854
230.199,90.5871
230.299,90.5887
230.399,90.5904
230.499,90.592
230.599,90.5936
230.699,90.5953
230.799,90.5969
230.899,90.5986
230.999,90.6002
231.099,90.6018
231.199,90.6035
231.299,90.6051
231.399,90.6068
231.499,90.6084
231.599,90.6101
231.699,90.6117
231.799,90.6133
231.899,90.615
231.999,90.6166
232.099,90.6183
232.199,90.6199
232.299,90.6215
232.399,90.6232
232.499,90.6248
232.599,90.6265
232.699,90.6281
232.799,90.6297
232.899,90.6314
232.999,90.633
233.099,90.6347
233.199,90.6363
233.299,90.638
233.399,90.6396
233.499,90.6412
233.599,90.6429
233.699,90.6445
233.799,90.6462
233.899,90.6478
233.999,90.6494
234.099,90.6511
234.199,90.6527
234.299,90.6544
234.399,90.656
234.499,90.6576
234.599,90.6593
234.699,90.6609
234.799,90.6626
234.899,90.6642
234.999,90.6658
235.099,90.6675
235.199,90.6691
235.299,90.6708
235.399,90.6724
235.499,90.674
235.599,90.6757
235.699,90.6773
235.799,90.679
235.899,90.6806
235.999,90.6822
236.099,90.6839
236.199,90.6855
236.299,90.6872
236.399,90.6888
236.499,90.6905
236.599,90.6921
236.699,90.6937
236.799,90.6954
236.899,90.697
236.999,90.6987
237.099,90.7003
237.199,90.7019
237.299,90.7036
237.399,90.7052
237.499,90.7069
237.599,90.7085
237.699,90.7101
237.799,90.7118
237.899,90.7134
237.999,90.7151
238.099,90.7167
238.199,90.7184
238.299,90.72
238.399,90.7216
238.499,90.7233
238.599,90.7249
238.699,90.7266
238.799,90.7282
238.899,90.7298
238.999,90.7315
239.099,90.7331
239.199,90.7348
239.299,90.7364
239.399,90.738
239.499,90.7397
239.599,90.7413
239.699,90.743
239.799,90.7446
239.899,90.7462
239.999,90.7479
240.099,90.7495
240.199,90.7512
240.299,90.7528
240.399,90.7544
240.499,90.7561
240.599,90.7577
240.699,90.7594
240.799,90.761
240.899,90.7626
240.999,90.7643
241.099,90.7659
241.199,90.7676
241.299,90.7692
241.399,90.7709
241.499,90.7725
241.599,90.7741
241.699,90.7758
241.799,90.7774
241.899,90.7791
241.999,90.7807
242.099,90.7823
242.199,90.784
242.299,90.7856
242.399,90.7873
242.499,90.7889
242.599,90.7905
242.699,90.7922
242.799,90.7938
242.899,90.7955
242.999,90.7971
243.099,90.7987
243.199,90.8004
243.299,90.802
243.399,90.8037
243.499,90.8053
243.599,90.8069
243.699,90.8086
243.799,90.8102
243.899,90.8119
243.999,90.8135
244.099,90.8151
244.199,90.8168
244.299,90.8184
244.399,90.8201
244.499,90.8217
244.599,90.8234
244.699,90.825
244.799,90.8266
244.899,90.8283
244.999,90.8299
245.099,90.8316
245.199,90.8332
245.299,90.8348
245.399,90.8365
245.499,90.8381
245.599,90.8398
245.699,90.8414
245.799,90.843
245.899,90.8447
245.999,90.8463
246.099,90.848
246.199,90.8496
246.299,90.8513
246.399,90.8529
246.499,90.8545
246.599,90.8562
246.699,90.8578
246.799,90.8595
246.899,90.8611
246.999,90.8627
247.099,90.8644
247.199,90.866
247.299,90.8677
247.399,90.8693
247.499,90.8709
247.599,90.8726
247.699,90.8742
247.799,90.8759
247.899,90.8775
247.999,90.8791
248.099,90.8808
248.199,90.8824
248.299,90.8841
248.399,90.8857
248.499,90.8873
248.599,90.889
248.699,90.8906
248.799,90.8923
248.899,90.8939
248.999,90.8956
249.099,90.8971
249.199,90.8988
249.299,90.9004
249.399,90.902
249.499,90.9037
249.599,90.9053
249.699,90.907
249.799,90.9086
249.899,90.9102
249.999,90.9119
250.099,90.9135
250.199,90.9152
250.299,90.9168
250.399,90.9184
250.499,90.9201
250.599,90.9217
250.699,90.9234
250.799,90.925
250.899,90.9267
250.999,90.9283
251.099,90.9299
251.199,90.9316
251.299,90.9332
251.399,90.9349
251.499,90.9365
251.599,90.9381
251.699,90.9398
251.799,90.9414
251.899,90.9431
251.999,90.9447
252.099,90.9463
252.199,90.948
252.299,90.9496
252.399,90.9513
252.499,90.9529
252.599,90.9545
252.699,90.9562
252.799,90.9578
252.899,90.9595
252.999,90.9611
253.099,90.9627
253.199,90.9644
253.299,90.966
253.399,90.9677
253.499,90.9693
253.599,90.9709
253.699,90.9726
253.799,90.9742
253.899,90.9759
253.999,90.9775
254.099,90.9792
254.199,90.9808
254.299,90.9824
254.399,90.9841
254.499,90.9857
254.599,90.9874
254.699,90.989
254.799,90.9906
254.899,90.9923
254.999,90.9939
255.099,90.9956
255.199,90.9972
255.299,90.9988
255.399,91.0005
255.499,91.0021
255.599,91.0038
255.699,91.0054
255.799,91.007
255.899,91.0087
255.999,91.0103
256.099,91.012
256.199,91.0136
256.299,91.0152
256.399,91.0169
256.499,91.0185
256.599,91.0202
256.699,91.0218
256.799,91.0234
256.899,91.0251
256.999,91.0267
257.099,91.0284
257.199,91.03
257.299,91.0317
257.399,91.0333
257.499,91.0349
257.599,91.0366
257.699,91.0382
257.799,91.0399
257.899,91.0415
257.999,91.0431
258.099,91.0448
258.199,91.0464
258.299,91.0481
258.399,91.0497
258.499,91.0513
258.599,91.053
258.699,91.0546
258.799,91.0563
258.899,91.0579
258.999,91.0596
259.099,91.0612
259.199,91.0628
259.299,91.0645
259.399,91.0661
259.499,91.0678
259.599,91.0694
259.699,91.071
259.799,91.0727
259.899,91.0743
259.999,91.076
260.099,91.0776
260.199,91.0792
260.299,91.0809
260.399,91.0825
260.499,91.0842
260.599,91.0858
260.699,91.0874
260.799,91.0891
260.899,91.0907
260.999,91.0924
261.099,91.094
261.199,91.0956
261.299,91.0973
261.399,91.0989
261.499,91.1006
261.599,91.1022
261.699,91.1039
261.799,91.1055
261.899,91.1071
261.999,91.1088
262.099,91.1104
262.199,91.1121
262.299,91.1137
262.399,91.1153
262.499,91.117
262.599,91.1186
262.699,91.1203
262.799,91.1219
262.899,91.1235
262.999,91.1252
263.099,91.1268
263.199,91.1285
263.299,91.1301
263.399,91.1317
263.499,91.1334
263.599,91.135
263.699,91.1367
263.799,91.1383
263.899,91.14
263.999,91.1416
264.099,91.1432
264.199,91.1449
264.299,91.1465
264.399,91.1482
264.499,91.1498
264.599,91.1514
264.699,91.1531
264.799,91.1547
264.899,91.1564
264.999,91.158
265.099,91.1596
265.199,91.1613
265.299,91.1629
265.399,91.1646
265.499,91.1662
265.599,91.1678
265.699,91.1695
265.799,91.1711
265.899,91.1728
265.999,91.1744
266.099,91.176
266.199,91.1777
266.299,91.1793
266.399,91.181
266.499,91.1826
266.599,91.1843
266.699,91.1859
266.799,91.1875
266.899,91.1892
266.999,91.1908
267.099,91.1925
267.199,91.1941
267.299,91.1957
267.399,91.1974
267.499,91.199
267.599,91.2007
267.699,91.2023
267.799,91.2039
267.899,91.2056
267.999,91.2072
268.099,91.2089
268.199,91.2105
268.299,91.2122
268.399,91.2138
268.499,91.2154
268.599,91.2171
268.699,91.2187
268.799,91.2204
268.899,91.222
268.999,91.2236
269.099,91.2253
269.199,91.2269
269.299,91.2286
269.399,91.2302
269.499,91.2318
269.599,91.2335
269.699,91.2351
269.799,91.2368
269.899,91.2384
269.999,91.24
270.099,91.2417
270.199,91.2433
270.299,91.245
270.399,91.2466
270.499,91.2482
270.599,91.2499
270.699,91.2515
270.799,91.2532
270.899,91.2548
270.999,91.2564
271.099,91.2581
271.199,91.2597
271.299,91.2614
271.399,91.263
271.499,91.2647
271.599,91.2663
271.699,91.2679
271.799,91.2696
271.899,91.2712
271.999,91.2729
272.099,91.2745
272.199,91.2761
272.299,91.2778
272.399,91.2794
272.499,91.2811
272.599,91.2827
272.699,91.2843
272.799,91.286
272.899,91.2876
272.999,91.2893
273.099,91.2909
273.199,91.2926
273.299,91.2942
273.399,91.2958
273.499,91.2975
273.599,91.2991
273.699,91.3008
273.799,91.3024
273.899,91.304
273.999,91.3057
274.099,91.3073
274.199,91.309
274.299,91.3106
274.399,91.3122
274.499,91.3139
274.599,91.3155
274.699,91.3171
274.799,91.3187
274.899,91.3204
274.999,91.322
275.099,91.3236
275.199,91.3253
275.299,91.3269
275.399,91.3286
275.499,91.3302
275.599,91.3318
275.699,91.3335
275.799,91.3351
275.899,91.3368
275.999,91.3384
276.099,91.34
276.199,91.3417
276.299,91.3433
276.399,91.345
276.499,91.3466
276.599,91.3483
276.699,91.3499
276.799,91.3515
276.899,91.3532
276.999,91.3548
277.099,91.3565
277.199,91.3581
277.299,91.3597
277.399,91.3614
277.499,91.363
277.599,91.3647
277.699,91.3663
277.799,91.3679
277.899,91.3696
277.999,91.3712
278.099,91.3729
278.199,91.3745
278.299,91.3761
278.399,91.3778
278.499,91.3794
278.599,91.3811
278.699,91.3827
278.799,91.3843
278.899,91.386
278.999,91.3876
279.099,91.3893
279.199,91.3909
279.299,91.3926
279.399,91.3942
279.499,91.3958
279.599,91.3975
279.699,91.3991
279.799,91.4008
279.899,91.4024
279.999,91.404
280.099,91.4057
280.199,91.4073
280.299,91.409
280.399,91.4106
280.499,91.4122
280.599,91.4139
280.699,91.4155
280.799,91.4172
280.899,91.4188
280.999,91.4205
281.099,91.4221
281.199,91.4237
281.299,91.4254
281.399,91.427
281.499,91.4287
281.599,91.4303
281.699,91.4319
281.799,91.4336
281.899,91.4352
281.999,91.4369
282.099,91.4385
282.199,91.4401
282.299,91.4418
282.399,91.4434
282.499,91.4451
282.599,91.4467
282.699,91.4483
282.799,91.45
282.899,91.4516
282.999,91.4533
283.099,91.4549
283.199,91.4565
283.299,91.4582
283.399,91.4598
283.499,91.4615
283.599,91.4631
283.699,91.4647
283.799,91.4664
283.899,91.468
283.999,91.4697
284.099,91.4713
284.199,91.473
284.299,91.4746
284.399,91.4762
284.499,91.4779
284.599,91.4795
284.699,91.4812
284.799,91.4828
284.899,91.4844
284.999,91.4861
285.099,91.4877
285.199,91.4894
285.299,91.491
285.399,91.4926
285.499,91.4943
285.599,91.4959
285.699,91.4976
285.799,91.4992
285.899,91.5009
285.999,91.5025
286.099,91.5041
286.199,91.5058
286.299,91.5074
286.399,91.5091
286.499,91.5107
286.599,91.5123
286.699,91.514
286.799,91.5156
286.899,91.5173
286.999,91.5189
287.099,91.5205
287.199,91.5222
287.299,91.5238
287.399,91.5255
287.499,91.5271
287.599,91.5287
287.699,91.5304
287.799,91.532
287.899,91.5337
287.999,91.5353
288.099,91.5369
288.199,91.5386
288.299,91.5402
288.399,91.5419
288.499,91.5435
288.599,91.5451
288.699,91.5468
288.799,91.5484
288.899,91.5501
288.999,91.5517
289.099,91.5534
289.199,91.555
289.299,91.5566
289.399,91.5583
289.499,91.5599
289.599,91.5616
289.699,91.5632
289.799,91.5648
289.899,91.5665
289.999,91.5681
290.099,91.5698
290.199,91.5714
290.299,91.573
290.399,91.5747
290.499,91.5763
290.599,91.578
290.699,91.5796
290.799,91.5812
290.899,91.5829
290.999,91.5845
291.099,91.5862
291.199,91.5878
291.299,91.5894
291.399,91.5911
291.499,91.5927
291.599,91.5944
291.699,91.596
291.799,91.5976
291.899,91.5993
291.999,91.6009
292.099,91.6026
292.199,91.6042
292.299,91.6059
292.399,91.6075
292.499,91.6091
292.599,91.6108
292.699,91.6124
292.799,91.6141
292.899,91.6157
292.999,91.6173
293.099,91.619
293.199,91.6206
293.299,91.6223
293.399,91.6239
293.499,91.6255
293.599,91.6272
293.699,91.6288
293.799,91.6305
293.899,91.6321
293.999,91.6338
294.099,91.6354
294.199,91.637
294.299,91.6387
294.399,91.6403
294.499,91.642
294.599,91.6436
294.699,91.6452
294.799,91.6469
294.899,91.6485
294.999,91.6502
295.099,91.6518
295.199,91.6534
295.299,91.6551
295.399,91.6567
295.499,91.6584
295.599,91.66
295.699,91.6616
295.799,91.6633
295.899,91.6649
295.999,91.6666
296.099,91.6682
296.199,91.6698
296.299,91.6715
296.399,91.6731
296.499,91.6748
296.599,91.6764
296.699,91.678
296.799,91.6797
296.899,91.6813
296.999,91.683
297.099,91.6846
297.199,91.6863
297.299,91.6879
297.399,91.6895
297.499,91.6912
297.599,91.6928
297.699,91.6945
297.799,91.6961
297.899,91.6977
297.999,91.6994
298.099,91.701
298.199,91.7027
298.299,91.7043
298.399,91.7059
298.499,91.7076
298.599,91.7092
298.699,91.7109
298.799,91.7125
298.899,91.7142
298.999,91.7158
299.099,91.7174
299.199,91.7191
299.299,91.7207
299.399,91.7224
299.499,91.724
299.599,91.7256
299.699,91.7273
299.799,91.7289
299.899,91.7306
299.999,91.7322
300.099,91.7338
300.199,91.7355
300.299,91.7371
300.399,91.7387
300.499,91.7403
300.599,91.742
300.699,91.7436
300.799,91.7452
300.899,91.7469
300.999,91.7485
301.099,91.7502
301.199,91.7518
301.299,91.7534
301.399,91.7551
301.499,91.7567
301.599,91.7584
301.699,91.76
301.799,91.7617
301.899,91.7633
301.999,91.7649
302.099,91.7666
302.199,91.7682
302.299,91.7699
302.399,91.7715
302.499,91.7731
302.599,91.7748
302.699,91.7764
302.799,91.7781
302.899,91.7797
302.999,91.7813
303.099,91.783
303.199,91.7846
303.299,91.7863
303.399,91.7879
303.499,91.7895
303.599,91.7912
303.699,91.7928
303.799,91.7945
303.899,91.7961
303.999,91.7977
304.099,91.7994
304.199,91.801
304.299,91.8027
304.399,91.8043
304.499,91.8059
304.599,91.8076
304.699,91.8092
304.799,91.8109
304.899,91.8125
304.999,91.8142
305.099,91.8158
305.199,91.8174
305.299,91.8191
305.399,91.8207
305.499,91.8224
305.599,91.824
305.699,91.8256
305.799,91.8273
305.899,91.8289
305.999,91.8306
306.099,91.8322
306.199,91.8338
306.299,91.8355
306.399,91.8371
306.499,91.8388
306.599,91.8404
306.699,91.8421
306.799,91.8437
306.899,91.8453
306.999,91.847
307.099,91.8486
307.199,91.8503
307.299,91.8519
307.399,91.8535
307.499,91.8552
307.599,91.8568
307.699,91.8585
307.799,91.8601
307.899,91.8617
307.999,91.8634
308.099,91.865
308.199,91.8667
308.299,91.8683
308.399,91.8699
308.499,91.8716
308.599,91.8732
308.699,91.8749
308.799,91.8765
308.899,91.8781
308.999,91.8798
309.099,91.8814
309.199,91.8831
309.299,91.8847
309.399,91.8864
309.499,91.888
309.599,91.8896
309.699,91.8913
309.799,91.8929
309.899,91.8946
309.999,91.8962
310.099,91.8978
310.199,91.8995
310.299,91.9011
310.399,91.9028
310.499,91.9044
310.599,91.906
310.699,91.9077
310.799,91.9093
310.899,91.911
310.999,91.9126
311.099,91.9142
311.199,91.9159
311.299,91.9175
311.399,91.9192
311.499,91.9208
311.599,91.9225
311.699,91.9241
311.799,91.9257
311.899,91.9274
311.999,91.929
312.099,91.9307
312.199,91.9323
312.299,91.9339
312.399,91.9356
312.499,91.9372
312.599,91.9389
312.699,91.9405
312.799,91.9421
312.899,91.9438
312.999,91.9454
313.099,91.9471
313.199,91.9487
313.299,91.9503
313.399,91.952
313.499,91.9536
313.599,91.9553
313.699,91.9569
313.799,91.9585
313.899,91.9602
313.999,91.9618
314.099,91.9635
314.199,91.9651
314.299,91.9668
314.399,91.9684
314.499,91.97
314.599,91.9717
314.699,91.9733
314.799,91.975
314.899,91.9766
314.999,91.9782
315.099,91.9799
315.199,91.9815
315.299,91.9832
315.399,91.9848
315.499,91.9864
315.599,91.9881
315.699,91.9897
315.799,91.9914
315.899,91.993
315.999,91.9947
316.099,91.9963
316.199,91.9979
316.299,91.9996
316.399,92.0012
316.499,92.0029
316.599,92.0045
316.699,92.0061
316.799,92.0078
316.899,92.0094
316.999,92.0111
317.099,92.0127
317.199,92.0143
317.299,92.016
317.399,92.0176
317.499,92.0193
317.599,92.0209
317.699,92.0225
317.799,92.0242
317.899,92.0258
317.999,92.0275
318.099,92.0291
318.199,92.0307
318.299,92.0324
318.399,92.034
318.499,92.0357
318.599,92.0373
318.699,92.0389
318.799,92.0406
318.899,92.0422
318.999,92.0439
319.099,92.0455
319.199,92.0472
319.299,92.0488
319.399,92.0504
319.499,92.0521
319.599,92.0537
319.699,92.0554
319.799,92.057
319.899,92.0586
319.999,92.0603
320.099,92.0619
320.199,92.0636
320.299,92.0652
320.399,92.0668
320.499,92.0685
320.599,92.0701
320.699,92.0718
320.799,92.0734
320.899,92.0751
320.999,92.0767
321.099,92.0783
321.199,92.08
321.299,92.0816
321.399,92.0833
321.499,92.0849
321.599,92.0865
321.699,92.0882
321.799,92.0898
321.899,92.0915
321.999,92.0931
322.099,92.0947
322.199,92.0964
322.299,92.098
322.399,92.0997
322.499,92.1013
322.599,92.1029
322.699,92.1046
322.799,92.1062
322.899,92.1079
322.999,92.1095
323.099,92.1111
323.199,92.1128
323.299,92.1144
323.399,92.1161
323.499,92.1177
323.599,92.1193
323.699,92.121
323.799,92.1226
323.899,92.1243
323.999,92.1259
324.099,92.1276
324.199,92.1292
324.299,92.1308
324.399,92.1325
324.499,92.1341
324.599,92.1358
324.699,92.1374
324.799,92.139
324.899,92.1407
324.999,92.1423
325.099,92.144
325.199,92.1456
325.299,92.1472
325.399,92.1489
325.499,92.1505
325.599,92.1522
325.699,92.1538
325.799,92.1554
325.899,92.1571
325.999,92.1587
326.099,92.1604
326.199,92.162
326.299,92.1636
326.399,92.1653
326.499,92.1669
326.599,92.1686
326.699,92.1702
326.799,92.1718
326.899,92.1735
326.999,92.1751
327.099,92.1768
327.199,92.1783
327.299,92.18
327.399,92.1816
327.499,92.1833
327.599,92.1849
327.699,92.1865
327.799,92.1882
327.899,92.1898
327.999,92.1915
328.099,92.1931
328.199,92.1947
328.299,92.1964
328.399,92.198
328.499,92.1997
328.599,92.2013
328.699,92.203
328.799,92.2046
328.899,92.2062
328.999,92.2079
329.099,92.2095
329.199,92.2112
329.299,92.2128
329.399,92.2144
329.499,92.2161
329.599,92.2177
329.699,92.2194
329.799,92.221
329.899,92.2226
329.999,92.2243
330.099,92.2259
330.199,92.2276
330.299,92.2292
330.399,92.2308
330.499,92.2325
330.599,92.2341
330.699,92.2358
330.799,92.2374
330.899,92.239
330.999,92.2407
331.099,92.2423
331.199,92.244
331.299,92.2456
331.399,92.2472
331.499,92.2489
331.599,92.2505
331.699,92.2522
331.799,92.2538
331.899,92.2555
331.999,92.2571
332.099,92.2587
332.199,92.2604
332.299,92.262
332.399,92.2637
332.499,92.2653
332.599,92.2669
332.699,92.2686
332.799,92.2702
332.899,92.2719
332.999,92.2735
333.099,92.2751
333.199,92.2768
333.299,92.2784
333.399,92.2801
333.499,92.2817
333.599,92.2834
333.699,92.285
333.799,92.2866
333.899,92.2883
333.999,92.2899
334.099,92.2916
334.199,92.2932
334.299,92.2948
334.399,92.2965
334.499,92.2981
334.599,92.2998
334.699,92.3014
334.799,92.303
334.899,92.3047
334.999,92.3063
335.099,92.308
335.199,92.3096
335.299,92.3112
335.399,92.3129
335.499,92.3145
335.599,92.3162
335.699,92.3178
335.799,92.3194
335.899,92.3211
335.999,92.3227
336.099,92.3244
336.199,92.326
336.299,92.3276
336.399,92.3293
336.499,92.3309
336.599,92.3326
336.699,92.3342
336.799,92.3359
336.899,92.3375
336.999,92.3391
337.099,92.3408
337.199,92.3424
337.299,92.3441
337.399,92.3457
337.499,92.3473
337.599,92.349
337.699,92.3506
337.799,92.3523
337.899,92.3539
337.999,92.3555
338.099,92.3572
338.199,92.3588
338.299,92.3605
338.399,92.3621
338.499,92.3637
338.599,92.3654
338.699,92.367
338.799,92.3687
338.899,92.3703
338.999,92.3719
339.099,92.3736
339.199,92.3752
339.299,92.3769
339.399,92.3785
339.499,92.3801
339.599,92.3818
339.699,92.3834
339.799,92.3851
339.899,92.3867
339.999,92.3884
340.099,92.39
340.199,92.3916
340.299,92.3933
340.399,92.3949
340.499,92.3966
340.599,92.3982
340.699,92.3998
340.799,92.4015
340.899,92.4031
340.999,92.4048
341.099,92.4064
341.199,92.408
341.299,92.4097
341.399,92.4113
341.499,92.413
341.599,92.4146
341.699,92.4163
341.799,92.4179
341.899,92.4195
341.999,92.4212
342.099,92.4228
342.199,92.4245
342.299,92.4261
342.399,92.4277
342.499,92.4294
342.599,92.431
342.699,92.4327
342.799,92.4343
342.899,92.4359
342.999,92.4376
343.099,92.4392
343.199,92.4409
343.299,92.4425
343.399,92.4441
343.499,92.4458
343.599,92.4474
343.699,92.4491
343.799,92.4507
343.899,92.4523
343.999,92.454
344.099,92.4556
344.199,92.4573
344.299,92.4589
344.399,92.4605
344.499,92.4622
344.599,92.4638
344.699,92.4655
344.799,92.4671
344.899,92.4688
344.999,92.4704
345.099,92.472
345.199,92.4737
345.299,92.4753
345.399,92.477
345.499,92.4786
345.599,92.4802
345.699,92.4819
345.799,92.4835
345.899,92.4852
345.999,92.4868
346.099,92.4884
346.199,92.4901
346.299,92.4917
346.399,92.4934
346.499,92.495
346.599,92.4967
346.699,92.4983
346.799,92.4999
346.899,92.5016
346.999,92.5032
347.099,92.5049
347.199,92.5065
347.299,92.5081
347.399,92.5098
347.499,92.5114
347.599,92.5131
347.699,92.5147
347.799,92.5163
347.899,92.518
347.999,92.5196
348.099,92.5213
348.199,92.5229
348.299,92.5245
348.399,92.5262
348.499,92.5278
348.599,92.5295
348.699,92.5311
348.799,92.5327
348.899,92.5344
348.999,92.536
349.099,92.5377
349.199,92.5393
349.299,92.541
349.399,92.5426
349.499,92.5442
349.599,92.5459
349.699,92.5475
349.799,92.5492
349.899,92.5508
349.999,92.5524
350.099,92.5541
350.199,92.5557
350.299,92.5574
350.399,92.559
350.499,92.5606
350.599,92.5623
350.699,92.5639
350.799,92.5656
350.899,92.5672
350.999,92.5688
351.099,92.5705
351.199,92.5721
351.299,92.5738
351.399,92.5754
351.499,92.5771
351.599,92.5787
351.699,92.5803
351.799,92.582
351.899,92.5836
351.999,92.5853
352.099,92.5869
352.199,92.5885
352.299,92.5902
352.399,92.5918
352.499,92.5935
352.599,92.5951
352.699,92.5967
352.799,92.5984
352.899,92.6
352.999,92.6017
353.099,92.6033
353.199,92.6049
353.299,92.6066
353.399,92.6082
353.499,92.6099
353.599,92.6115
353.699,92.6131
353.799,92.6147
353.899,92.6163
353.999,92.618
354.099,92.6196
354.199,92.6213
354.299,92.6229
354.399,92.6246
354.499,92.6262
354.599,92.6278
354.699,92.6295
354.799,92.6311
354.899,92.6328
354.999,92.6344
355.099,92.636
355.199,92.6377
355.299,92.6393
355.399,92.641
355.499,92.6426
355.599,92.6442
355.699,92.6459
355.799,92.6475
355.899,92.6492
355.999,92.6508
356.099,92.6524
356.199,92.6541
356.299,92.6557
356.399,92.6574
356.499,92.659
356.599,92.6606
356.699,92.6623
356.799,92.6639
356.899,92.6656
356.999,92.6672
357.099,92.6688
357.199,92.6705
357.299,92.6721
357.399,92.6738
357.499,92.6754
357.599,92.6771
357.699,92.6787
357.799,92.6803
357.899,92.682
357.999,92.6836
358.099,92.6853
358.199,92.6869
358.299,92.6885
358.399,92.6902
358.499,92.6918
358.599,92.6935
358.699,92.6951
358.799,92.6967
358.899,92.6984
358.999,92.7
359.099,92.7017
359.199,92.7033
359.299,92.705
359.399,92.7066
359.499,92.7082
359.599,92.7099
359.699,92.7115
359.799,92.7132
359.899,92.7148
359.999,92.7164
360.099,92.7181
360.199,92.7197
360.299,92.7214
360.399,92.723
360.499,92.7246
360.599,92.7263
360.699,92.7279
360.799,92.7296
360.899,92.7312
360.999,92.7328
361.099,92.7345
361.199,92.7361
361.299,92.7378
361.399,92.7394
361.499,92.741
361.599,92.7427
361.699,92.7443
361.799,92.746
361.899,92.7476
361.999,92.7493
362.099,92.7509
362.199,92.7525
362.299,92.7542
362.399,92.7558
362.499,92.7575
362.599,92.7591
362.699,92.7607
362.799,92.7624
362.899,92.764
362.999,92.7657
363.099,92.7673
363.199,92.7689
363.299,92.7706
363.399,92.7722
363.499,92.7739
363.599,92.7755
363.699,92.7771
363.799,92.7788
363.899,92.7804
363.999,92.7821
364.099,92.7837
364.199,92.7854
364.299,92.787
364.399,92.7886
364.499,92.7903
364.599,92.7919
364.699,92.7936
364.799,92.7952
364.899,92.7968
364.999,92.7985
365.099,92.8001
365.199,92.8018
365.299,92.8034
365.399,92.805
365.499,92.8067
365.599,92.8083
365.699,92.81
365.799,92.8116
365.899,92.8132
365.999,92.8149
366.099,92.8165
366.199,92.8182
366.299,92.8198
366.399,92.8214
366.499,92.8231
366.599,92.8247
366.699,92.8264
366.799,92.828
366.899,92.8297
366.999,92.8313
367.099,92.8329
367.199,92.8346
367.299,92.8362
367.399,92.8379
367.499,92.8395
367.599,92.8411
367.699,92.8428
367.799,92.8444
367.899,92.8461
367.999,92.8477
368.099,92.8493
368.199,92.851
368.299,92.8526
368.399,92.8543
368.499,92.8559
368.599,92.8575
368.699,92.8592
368.799,92.8608
368.899,92.8625
368.999,92.8641
369.099,92.8658
369.199,92.8674
369.299,92.869
369.399,92.8707
369.499,92.8723
369.599,92.874
369.699,92.8756
369.799,92.8772
369.899,92.8789
369.999,92.8805
370.099,92.8822
370.199,92.8838
370.299,92.8854
370.399,92.8871
370.499,92.8887
370.599,92.8904
370.699,92.892
370.799,92.8936
370.899,92.8953
370.999,92.8969
371.099,92.8986
371.199,92.9002
371.299,92.9018
371.399,92.9035
371.499,92.9051
371.599,92.9068
371.699,92.9084
371.799,92.9101
371.899,92.9117
371.999,92.9133
372.099,92.915
372.199,92.9166
372.299,92.9183
372.399,92.9199
372.499,92.9215
372.599,92.9232
372.699,92.9248
372.799,92.9265
372.899,92.9281
372.999,92.9297
373.099,92.9314
373.199,92.933
373.299,92.9347
373.399,92.9363
373.499,92.9379
373.599,92.9396
373.699,92.9412
373.799,92.9429
373.899,92.9445
373.999,92.9461
374.099,92.9478
374.199,92.9494
374.299,92.9511
374.399,92.9527
374.499,92.9543
374.599,92.956
374.699,92.9576
374.799,92.9593
374.899,92.9609
374.999,92.9626
375.099,92.9642
375.199,92.9658
375.299,92.9675
375.399,92.9691
375.499,92.9708
375.599,92.9724
375.699,92.974
375.799,92.9757
375.899,92.9773
375.999,92.979
376.099,92.9806
376.199,92.9822
376.299,92.9839
376.399,92.9855
376.499,92.9872
376.599,92.9888
376.699,92.9905
376.799,92.9921
376.899,92.9937
376.999,92.9954
377.099,92.997
377.199,92.9987
377.299,93.0003
377.399,93.0019
377.499,93.0036
377.599,93.0052
377.699,93.0069
377.799,93.0085
377.899,93.0101
377.999,93.0118
378.099,93.0134
378.199,93.0151
378.299,93.0167
378.399,93.0183
378.499,93.02
378.599,93.0216
378.699,93.0233
378.799,93.0249
378.899,93.0265
378.999,93.0282
379.099,93.0298
379.199,93.0315
379.299,93.033
379.399,93.0347
379.499,93.0363
379.599,93.038
379.699,93.0396
379.799,93.0412
379.899,93.0429
379.999,93.0445
380.099,93.0462
380.199,93.0478
380.299,93.0494
380.399,93.0511
380.499,93.0527
380.599,93.0544
380.699,93.056
380.799,93.0576
380.899,93.0593
380.999,93.0609
381.099,93.0626
381.199,93.0642
381.299,93.0658
381.399,93.0675
381.499,93.0691
381.599,93.0708
381.699,93.0724
381.799,93.0741
381.899,93.0757
381.999,93.0773
382.099,93.079
382.199,93.0806
382.299,93.0823
382.399,93.0839
382.499,93.0855
382.599,93.0872
382.699,93.0888
382.799,93.0905
382.899,93.0921
382.999,93.0937
383.099,93.0953
383.199,93.0969
383.299,93.0986
383.399,93.1002
383.499,93.1019
383.599,93.1035
383.699,93.1051
383.799,93.1068
383.899,93.1084
383.999,93.1101
384.099,93.1117
384.199,93.1133
384.299,93.115
384.399,93.1166
384.499,93.1183
384.599,93.1199
384.699,93.1216
384.799,93.1232
384.899,93.1248
384.999,93.1265
385.099,93.1281
385.199,93.1298
385.299,93.1314
385.399,93.133
385.499,93.1347
385.599,93.1363
385.699,93.138
385.799,93.1396
385.899,93.1412
385.999,93.1429
386.099,93.1445
386.199,93.1462
386.299,93.1478
386.399,93.1494
386.499,93.1511
386.599,93.1527
386.699,93.1544
386.799,93.156
386.899,93.1576
386.999,93.1593
387.099,93.1609
387.199,93.1626
387.299,93.1642
387.399,93.1659
387.499,93.1675
387.599,93.1691
387.699,93.1708
387.799,93.1724
387.899,93.1741
387.999,93.1757
388.099,93.1773
388.199,93.179
388.299,93.1806
388.399,93.1823
388.499,93.1839
388.599,93.1855
388.699,93.1872
388.799,93.1888
388.899,93.1905
388.999,93.1921
389.099,93.1938
389.199,93.1954
389.299,93.197
389.399,93.1987
389.499,93.2003
389.599,93.202
389.699,93.2036
389.799,93.2052
389.899,93.2069
389.999,93.2085
390.099,93.2102
390.199,93.2118
390.299,93.2134
390.399,93.2151
390.499,93.2167
390.599,93.2184
390.699,93.22
390.799,93.2216
390.899,93.2233
390.999,93.2249
391.099,93.2266
391.199,93.2282
391.299,93.2298
391.399,93.2315
391.499,93.2331
391.599,93.2348
391.699,93.2364
391.799,93.238
391.899,93.2397
391.999,93.2413
392.099,93.243
392.199,93.2446
392.299,93.2463
392.399,93.2479
392.499,93.2495
392.599,93.2512
392.699,93.2528
392.799,93.2545
392.899,93.2561
392.999,93.2577
393.099,93.2594
393.199,93.261
393.299,93.2627
393.399,93.2643
393.499,93.2659
393.599,93.2676
393.699,93.2692
393.799,93.2709
393.899,93.2725
393.999,93.2741
394.099,93.2758
394.199,93.2774
394.299,93.2791
394.399,93.2807
394.499,93.2824
394.599,93.284
394.699,93.2856
394.799,93.2873
394.899,93.2889
394.999,93.2906
395.099,93.2922
395.199,93.2938
395.299,93.2955
395.399,93.2971
395.499,93.2988
395.599,93.3004
395.699,93.302
395.799,93.3037
395.899,93.3053
395.999,93.307
396.099,93.3086
396.199,93.3102
396.299,93.3119
396.399,93.3135
396.499,93.3152
396.599,93.3168
396.699,93.3184
396.799,93.3201
396.899,93.3217
396.999,93.3234
397.099,93.325
397.199,93.3267
397.299,93.3283
397.399,93.3299
397.499,93.3316
397.599,93.3332
397.699,93.3349
397.799,93.3365
397.899,93.3381
397.999,93.3398
398.099,93.3414
398.199,93.3431
398.299,93.3447
398.399,93.3463
398.499,93.348
398.599,93.3496
398.699,93.3513
398.799,93.3529
398.899,93.3545
398.999,93.3562
399.099,93.3578
399.199,93.3595
399.299,93.3611
399.399,93.3627
399.499,93.3644
399.599,93.366
399.699,93.3677
399.799,93.3693
399.899,93.3709
399.999,93.3726
400.099,93.3742
400.199,93.3759
400.299,93.3775
400.399,93.3792
400.499,93.3808
400.599,93.3824
400.699,93.3841
400.799,93.3857
400.899,93.3874
400.999,93.389
401.099,93.3906
401.199,93.3923
401.299,93.3939
401.399,93.3956
401.499,93.3972
401.599,93.3988
401.699,93.4005
401.799,93.4021
401.899,93.4038
401.999,93.4054
402.099,93.4071
402.199,93.4087
402.299,93.4103
402.399,93.412
402.499,93.4136
402.599,93.4153
402.699,93.4169
402.799,93.4185
402.899,93.4202
402.999,93.4218
403.099,93.4235
403.199,93.4251
403.299,93.4267
403.399,93.4284
403.499,93.43
403.599,93.4317
403.699,93.4333
403.799,93.4349
403.899,93.4366
403.999,93.4382
404.099,93.4399
404.199,93.4415
404.299,93.4431
404.399,93.4448
404.499,93.4464
404.599,93.4481
404.699,93.4497
404.799,93.4513
404.899,93.453
404.999,93.4546
405.099,93.4563
405.199,93.4579
405.299,93.4595
405.399,93.4611
405.499,93.4628
405.599,93.4644
405.699,93.466
405.799,93.4677
405.899,93.4693
405.999,93.471
406.099,93.4726
406.199,93.4742
406.299,93.4759
406.399,93.4775
406.499,93.4792
406.599,93.4808
406.699,93.4824
406.799,93.4841
406.899,93.4857
406.999,93.4874
407.099,93.489
407.199,93.4907
407.299,93.4923
407.399,93.4939
407.499,93.4956
407.599,93.4972
407.699,93.4989
407.799,93.5005
407.899,93.5021
407.999,93.5038
408.099,93.5054
408.199,93.5071
408.299,93.5087
408.399,93.5103
408.499,93.512
408.599,93.5136
408.699,93.5153
408.799,93.5169
408.899,93.5185
408.999,93.5202
409.099,93.5218
409.199,93.5235
409.299,93.5251
409.399,93.5267
409.499,93.5284
409.599,93.53
409.699,93.5317
409.799,93.5333
409.899,93.535
409.999,93.5366
410.099,93.5382
410.199,93.5399
410.299,93.5415
410.399,93.5432
410.499,93.5448
410.599,93.5464
410.699,93.5481
410.799,93.5497
410.899,93.5514
410.999,93.553
411.099,93.5546
411.199,93.5563
411.299,93.5579
411.399,93.5596
411.499,93.5612
411.599,93.5628
411.699,93.5645
411.799,93.5661
411.899,93.5678
411.999,93.5694
412.099,93.571
412.199,93.5727
412.299,93.5743
412.399,93.576
412.499,93.5776
412.599,93.5792
412.699,93.5809
412.799,93.5825
412.899,93.5842
412.999,93.5858
413.099,93.5875
413.199,93.5891
413.299,93.5907
413.399,93.5924
413.499,93.594
413.599,93.5957
413.699,93.5973
413.799,93.5989
413.899,93.6006
413.999,93.6022
414.099,93.6039
414.199,93.6055
414.299,93.6071
414.399,93.6088
414.499,93.6104
414.599,93.6121
414.699,93.6137
414.799,93.6154
414.899,93.617
414.999,93.6186
415.099,93.6203
415.199,93.6219
415.299,93.6236
415.399,93.6252
415.499,93.6268
415.599,93.6285
415.699,93.6301
415.799,93.6318
415.899,93.6334
415.999,93.635
416.099,93.6367
416.199,93.6383
416.299,93.64
416.399,93.6416
416.499,93.6432
416.599,93.6449
416.699,93.6465
416.799,93.6482
416.899,93.6498
416.999,93.6514
417.099,93.6531
417.199,93.6547
417.299,93.6564
417.399,93.658
417.499,93.6596
417.599,93.6613
417.699,93.6629
417.799,93.6646
417.899,93.6662
417.999,93.6679
418.099,93.6695
418.199,93.6711
418.299,93.6728
418.399,93.6744
418.499,93.6761
418.599,93.6777
418.699,93.6793
418.799,93.681
418.899,93.6826
418.999,93.6843
419.099,93.6859
419.199,93.6875
419.299,93.6892
419.399,93.6908
419.499,93.6925
419.599,93.6941
419.699,93.6958
419.799,93.6974
419.899,93.699
419.999,93.7007
420.099,93.7023
420.199,93.704
420.299,93.7056
420.399,93.7072
420.499,93.7089
420.599,93.7105
420.699,93.7122
420.799,93.7138
420.899,93.7154
420.999,93.7171
421.099,93.7187
421.199,93.7204
421.299,93.722
421.399,93.7236
421.499,93.7253
421.599,93.7269
421.699,93.7286
421.799,93.7302
421.899,93.7318
421.999,93.7335
422.099,93.7351
422.199,93.7368
422.299,93.7384
422.399,93.7401
422.499,93.7417
422.599,93.7433
422.699,93.745
422.799,93.7466
422.899,93.7483
422.999,93.7499
423.099,93.7515
423.199,93.7532
423.299,93.7548
423.399,93.7565
423.499,93.7581
423.599,93.7597
423.699,93.7614
423.799,93.763
423.899,93.7647
423.999,93.7663
424.099,93.7679
424.199,93.7696
424.299,93.7712
424.399,93.7729
424.499,93.7745
424.599,93.7762
424.699,93.7778
424.799,93.7794
424.899,93.7811
424.999,93.7827
425.099,93.7844
425.199,93.786
425.299,93.7876
425.399,93.7893
425.499,93.7909
425.599,93.7926
425.699,93.7942
425.799,93.7958
425.899,93.7975
425.999,93.7991
426.099,93.8008
426.199,93.8024
426.299,93.804
426.399,93.8057
426.499,93.8073
426.599,93.809
426.699,93.8106
426.799,93.8122
426.899,93.8139
426.999,93.8155
427.099,93.8172
427.199,93.8188
427.299,93.8205
427.399,93.8221
427.499,93.8237
427.599,93.8254
427.699,93.827
427.799,93.8287
427.899,93.8303
427.999,93.8319
428.099,93.8336
428.199,93.8352
428.299,93.8369
428.399,93.8385
428.499,93.8401
428.599,93.8418
428.699,93.8434
428.799,93.8451
428.899,93.8467
428.999,93.8483
429.099,93.85
429.199,93.8516
429.299,93.8533
429.399,93.8549
429.499,93.8565
429.599,93.8582
429.699,93.8598
429.799,93.8615
429.899,93.8631
429.999,93.8648
430.099,93.8664
430.199,93.868
430.299,93.8697
430.399,93.8713
430.499,93.873
430.599,93.8746
430.699,93.8762
430.799,93.8779
430.899,93.8794
430.999,93.8811
431.099,93.8827
431.199,93.8844
431.299,93.886
431.399,93.8876
431.499,93.8893
431.599,93.8909
431.699,93.8926
431.799,93.8942
431.899,93.8958
431.999,93.8975
432.099,93.8991
432.199,93.9008
432.299,93.9024
432.399,93.9041
432.499,93.9057
432.599,93.9073
432.699,93.909
432.799,93.9106
432.899,93.9123
432.999,93.9139
433.099,93.9155
433.199,93.9172
433.299,93.9188
433.399,93.9205
433.499,93.9221
433.599,93.9237
433.699,93.9254
433.799,93.927
433.899,93.9287
433.999,93.9303
434.099,93.9319
434.199,93.9336
434.299,93.9352
434.399,93.9369
434.499,93.9385
434.599,93.9401
434.699,93.9418
434.799,93.9434
434.899,93.9451
434.999,93.9467
435.099,93.9484
435.199,93.95
435.299,93.9516
435.399,93.9533
435.499,93.9549
435.599,93.9566
435.699,93.9582
435.799,93.9598
435.899,93.9615
435.999,93.9631
436.099,93.9648
436.199,93.9664
436.299,93.968
436.399,93.9697
436.499,93.9713
436.599,93.973
436.699,93.9746
436.799,93.9762
436.899,93.9779
436.999,93.9795
437.099,93.9812
437.199,93.9828
437.299,93.9845
437.399,93.9861
437.499,93.9877
437.599,93.9894
437.699,93.991
437.799,93.9927
437.899,93.9943
437.999,93.9959
438.099,93.9976
438.199,93.9992
438.299,94.0009
438.399,94.0025
438.499,94.0041
438.599,94.0058
438.699,94.0074
438.799,94.0091
438.899,94.0107
438.999,94.0123
439.099,94.014
439.199,94.0156
439.299,94.0173
439.399,94.0189
439.499,94.0205
439.599,94.0222
439.699,94.0238
439.799,94.0255
439.899,94.0271
439.999,94.0288
440.099,94.0304
440.199,94.032
440.299,94.0337
440.399,94.0353
440.499,94.037
440.599,94.0386
440.699,94.0402
440.799,94.0419
440.899,94.0435
440.999,94.0452
441.099,94.0468
441.199,94.0484
441.299,94.0501
441.399,94.0517
441.499,94.0534
441.599,94.055
441.699,94.0566
441.799,94.0583
441.899,94.0599
441.999,94.0616
442.099,94.0632
442.199,94.0648
442.299,94.0665
442.399,94.0681
442.499,94.0698
442.599,94.0714
442.699,94.0731
442.799,94.0747
442.899,94.0763
442.999,94.078
443.099,94.0796
443.199,94.0813
443.299,94.0829
443.399,94.0845
443.499,94.0862
443.599,94.0878
443.699,94.0895
443.799,94.0911
443.899,94.0927
443.999,94.0944
444.099,94.096
444.199,94.0977
444.299,94.0993
444.399,94.1009
444.499,94.1026
444.599,94.1042
444.699,94.1059
444.799,94.1075
444.899,94.1092
444.999,94.1108
445.099,94.1124
445.199,94.1141
445.299,94.1157
445.399,94.1174
445.499,94.119
445.599,94.1206
445.699,94.1223
445.799,94.1239
445.899,94.1256
445.999,94.1272
446.099,94.1288
446.199,94.1305
446.299,94.1321
446.399,94.1338
446.499,94.1354
446.599,94.137
446.699,94.1387
446.799,94.1403
446.899,94.142
446.999,94.1436
447.099,94.1452
447.199,94.1469
447.299,94.1485
447.399,94.1502
447.499,94.1518
447.599,94.1534
447.699,94.1551
447.799,94.1567
447.899,94.1584
447.999,94.16
448.099,94.1617
448.199,94.1633
448.299,94.1649
448.399,94.1666
448.499,94.1682
448.599,94.1699
448.699,94.1715
448.799,94.1731
448.899,94.1748
448.999,94.1764
449.099,94.1781
449.199,94.1797
449.299,94.1813
449.399,94.183
449.499,94.1846
449.599,94.1863
449.699,94.1879
449.799,94.1896
449.899,94.1912
449.999,94.1928
450.099,94.1945
450.199,94.1961
450.299,94.1978
450.399,94.1994
450.5,94.201
450.599,94.2027
450.699,94.2043
450.799,94.206
450.899,94.2076
450.999,94.2092
451.099,94.2109
451.199,94.2125
451.299,94.2142
451.399,94.2158
451.499,94.2174
451.599,94.2191
451.699,94.2207
451.799,94.2224
451.899,94.224
451.999,94.2256
452.099,94.2273
452.199,94.2289
452.299,94.2306
452.399,94.2322
452.499,94.2338
452.599,94.2355
452.699,94.2371
452.799,94.2388
452.899,94.2404
452.999,94.2421
453.099,94.2437
453.199,94.2453
453.299,94.247
453.399,94.2486
453.499,94.2503
453.599,94.2519
453.699,94.2535
453.799,94.2552
453.899,94.2568
453.999,94.2585
454.099,94.2601
454.199,94.2617
454.299,94.2634
454.399,94.265
454.499,94.2667
454.599,94.2683
454.699,94.27
454.799,94.2716
454.899,94.2732
454.999,94.2749
455.099,94.2765
455.199,94.2782
455.299,94.2798
455.399,94.2814
455.499,94.2831
455.599,94.2847
455.699,94.2864
455.799,94.288
455.899,94.2896
455.999,94.2913
456.099,94.2929
456.199,94.2946
456.299,94.2962
456.399,94.2978
456.499,94.2995
456.599,94.3011
456.699,94.3028
456.799,94.3044
456.899,94.306
456.999,94.3077
457.099,94.3093
457.199,94.311
457.299,94.3126
457.399,94.3143
457.499,94.3159
457.599,94.3175
457.699,94.3192
457.799,94.3208
457.899,94.3224
457.999,94.324
458.099,94.3257
458.199,94.3273
458.299,94.3289
458.399,94.3306
458.499,94.3322
458.599,94.3339
458.699,94.3355
458.799,94.3372
458.899,94.3388
458.999,94.3404
459.099,94.3421
459.199,94.3437
459.299,94.3453
459.399,94.347
459.499,94.3486
459.599,94.3503
459.699,94.3519
459.799,94.3535
459.899,94.3552
459.999,94.3568
460.099,94.3585
460.199,94.3601
460.299,94.3617
460.399,94.3634
460.499,94.365
460.599,94.3667
460.699,94.3683
460.799,94.37
460.899,94.3716
460.999,94.3732
461.099,94.3749
461.199,94.3765
461.299,94.3782
461.399,94.3798
461.499,94.3814
461.599,94.3831
461.699,94.3847
461.799,94.3864
461.899,94.388
461.999,94.3896
462.099,94.3913
462.199,94.3929
462.299,94.3946
462.399,94.3962
462.499,94.3979
462.599,94.3995
462.699,94.4011
462.799,94.4028
462.899,94.4044
462.999,94.4061
463.099,94.4077
463.199,94.4093
463.299,94.411
463.399,94.4126
463.499,94.4143
463.599,94.4159
463.699,94.4175
463.799,94.4192
463.899,94.4208
463.999,94.4225
464.099,94.4241
464.199,94.4257
464.299,94.4274
464.399,94.429
464.499,94.4307
464.599,94.4323
464.699,94.4339
464.799,94.4356
464.899,94.4372
464.999,94.4389
465.099,94.4405
465.199,94.4421
465.299,94.4438
465.399,94.4454
465.499,94.4471
465.599,94.4487
465.699,94.4504
465.799,94.452
465.899,94.4536
465.999,94.4553
466.099,94.4569
466.199,94.4586
466.299,94.4602
466.399,94.4618
466.499,94.4635
466.599,94.4651
466.699,94.4668
466.799,94.4684
466.899,94.47
466.999,94.4717
467.099,94.4733
467.199,94.475
467.299,94.4766
467.399,94.4783
467.499,94.4799
467.599,94.4815
467.699,94.4832
467.799,94.4848
467.899,94.4865
467.999,94.4881
468.099,94.4897
468.199,94.4914
468.299,94.493
468.399,94.4947
468.499,94.4963
468.599,94.4979
468.699,94.4996
468.799,94.5012
468.899,94.5029
468.999,94.5045
469.099,94.5061
469.199,94.5078
469.299,94.5094
469.399,94.5111
469.499,94.5127
469.6,94.5143
469.699,94.516
469.799,94.5176
469.899,94.5193
469.999,94.5209
470.099,94.5226
470.199,94.5242
470.299,94.5258
470.399,94.5275
470.499,94.5291
470.599,94.5308
470.699,94.5324
470.799,94.534
470.899,94.5357
470.999,94.5373
471.099,94.539
471.199,94.5406
471.299,94.5422
471.399,94.5439
471.499,94.5455
471.599,94.5472
471.699,94.5488
471.799,94.5504
471.899,94.5521
471.999,94.5537
472.099,94.5554
472.199,94.557
472.299,94.5587
472.399,94.5603
472.499,94.5619
472.599,94.5636
472.699,94.5652
472.799,94.5669
472.899,94.5685
472.999,94.5701
473.099,94.5718
473.199,94.5734
473.299,94.5751
473.399,94.5767
473.499,94.5783
473.599,94.58
473.699,94.5816
473.799,94.5833
473.899,94.5849
473.999,94.5865
474.099,94.5882
474.199,94.5898
474.299,94.5915
474.399,94.5931
474.499,94.5947
474.599,94.5964
474.699,94.598
474.799,94.5997
474.899,94.6013
474.999,94.603
475.099,94.6046
475.199,94.6062
475.299,94.6079
475.399,94.6095
475.499,94.6112
475.599,94.6128
475.699,94.6144
475.799,94.6161
475.899,94.6177
475.999,94.6194
476.099,94.621
476.199,94.6226
476.299,94.6243
476.399,94.6259
476.499,94.6276
476.599,94.6292
476.699,94.6308
476.799,94.6325
476.899,94.6341
476.999,94.6358
477.099,94.6374
477.199,94.639
477.299,94.6407
477.399,94.6423
477.499,94.644
477.599,94.6456
477.699,94.6473
477.799,94.6489
477.899,94.6505
477.999,94.6522
478.099,94.6538
478.199,94.6555
478.299,94.6571
478.399,94.6587
478.499,94.6604
478.599,94.662
478.699,94.6637
478.799,94.6653
478.899,94.6669
478.999,94.6686
479.099,94.6702
479.199,94.6719
479.299,94.6735
479.399,94.6751
479.499,94.6768
479.599,94.6784
479.699,94.6801
479.799,94.6817
479.899,94.6834
479.999,94.685
480.099,94.6866
480.199,94.6883
480.299,94.6899
480.399,94.6916
480.499,94.6932
480.599,94.6948
480.699,94.6965
480.799,94.6981
480.899,94.6998
480.999,94.7014
481.099,94.703
481.199,94.7047
481.299,94.7063
481.399,94.708
481.499,94.7096
481.599,94.7112
481.699,94.7129
481.799,94.7145
481.899,94.7162
481.999,94.7178
482.099,94.7194
482.199,94.7211
482.299,94.7227
482.399,94.7244
482.499,94.726
482.599,94.7276
482.699,94.7293
482.799,94.7309
482.899,94.7326
482.999,94.7342
483.099,94.7359
483.199,94.7375
483.299,94.7391
483.399,94.7408
483.499,94.7424
483.599,94.7441
483.699,94.7457
483.799,94.7473
483.899,94.749
483.999,94.7506
484.099,94.7522
484.199,94.7539
484.299,94.7555
484.399,94.7572
484.499,94.7588
484.599,94.7604
484.699,94.762
484.799,94.7637
484.899,94.7653
484.999,94.767
485.099,94.7686
485.199,94.7702
485.299,94.7719
485.399,94.7735
485.499,94.7752
485.599,94.7768
485.699,94.7784
485.799,94.7801
485.899,94.7817
485.999,94.7834
486.099,94.785
486.199,94.7866
486.299,94.7883
486.399,94.7899
486.499,94.7916
486.599,94.7932
486.699,94.7948
486.799,94.7965
486.899,94.7981
486.999,94.7998
487.099,94.8014
487.199,94.803
487.299,94.8047
487.399,94.8063
487.499,94.808
487.599,94.8096
487.699,94.8113
487.799,94.8129
487.899,94.8145
487.999,94.8162
488.099,94.8178
488.199,94.8195
488.299,94.8211
488.4,94.8227
488.499,94.8244
488.599,94.826
488.699,94.8277
488.799,94.8293
488.899,94.8309
488.999,94.8326
489.099,94.8342
489.199,94.8359
489.299,94.8375
489.399,94.8391
489.499,94.8408
489.599,94.8424
489.699,94.8441
489.799,94.8457
489.899,94.8473
489.999,94.849
490.099,94.8506
490.199,94.8523
490.299,94.8539
490.399,94.8556
490.499,94.8572
490.599,94.8588
490.699,94.8605
490.799,94.8621
490.899,94.8638
490.999,94.8654
491.099,94.867
491.199,94.8687
491.299,94.8703
491.399,94.872
491.499,94.8736
491.599,94.8752
491.699,94.8769
491.799,94.8785
491.899,94.8802
491.999,94.8818
492.099,94.8834
492.199,94.8851
492.299,94.8867
492.399,94.8884
492.499,94.89
492.599,94.8917
492.699,94.8933
492.799,94.8949
492.899,94.8966
492.999,94.8982
493.099,94.8999
493.199,94.9015
493.299,94.9031
493.399,94.9048
493.499,94.9064
493.599,94.9081
493.7,94.9097
493.799,94.9113
493.899,94.913
493.999,94.9146
494.099,94.9163
494.199,94.9179
494.299,94.9195
494.399,94.9212
494.499,94.9228
494.599,94.9245
494.699,94.9261
494.799,94.9277
494.899,94.9294
494.999,94.931
495.099,94.9327
495.199,94.9343
495.299,94.9359
495.399,94.9376
495.499,94.9392
495.599,94.9409
495.699,94.9425
495.799,94.9442
495.899,94.9458
495.999,94.9474
496.099,94.9491
496.199,94.9507
496.299,94.9524
496.399,94.954
496.499,94.9556
496.599,94.9573
496.699,94.9589
496.799,94.9606
496.899,94.9622
496.999,94.9638
497.099,94.9655
497.199,94.9671
497.299,94.9688
497.399,94.9704
497.499,94.9721
497.599,94.9737
497.699,94.9753
497.799,94.977
497.899,94.9786
497.999,94.9803
498.099,94.9819
498.199,94.9835
498.299,94.9852
498.399,94.9868
498.499,94.9885
498.599,94.9901
498.699,94.9917
498.799,94.9934
498.899,94.995
498.999,94.9967
499.099,94.9983
499.199,94.9999
499.299,95.0016
499.399,95.0032
499.499,95.0049
499.599,95.0065
499.699,95.0081
499.799,95.0098
499.899,95.0114
499.999,95.0131
500.099,95.0147
500.199,95.0163
500.299,95.018
500.399,95.0196
500.499,95.0213
500.599,95.0229
500.699,95.0246
500.799,95.0262
500.899,95.0278
500.999,95.0295
501.099,95.0311
501.199,95.0328
501.299,95.0344
501.399,95.0347
501.499,95.0318
501.599,95.0289
501.699,95.0261
501.799,95.0232
501.899,95.0203
501.999,95.0174
502.099,95.0146
502.199,95.0117
502.299,95.0088
502.399,95.0059
502.499,95.003
502.599,95.0002
502.699,94.9973
502.799,94.9944
502.899,94.9915
502.999,94.9887
503.099,94.9858
503.199,94.9829
503.299,94.98
503.399,94.9772
503.499,94.9743
503.599,94.9714
503.699,94.9685
